category_id,category_name,top_k,iou_threshold,gt_count,global_topk_loc_recall,global_topk_class_recall,per_category_topk_class_recall,global_category_retention,loc_to_class_gap,ranking_gap,mean_global_loc_best_iou,mean_global_class_best_iou,mean_per_category_class_best_iou
2,n01443537,1,0.5,1,1.0,0.0,1.0,0.0,1.0,1.0,0.9743882613943584,0.0,0.9743882613943584
21,n02121808,1,0.5,1,1.0,0.0,1.0,0.0,1.0,1.0,0.8715629008904011,0.0,0.8715629008904011
30,n02317335,1,0.5,1,1.0,0.0,1.0,0.0,1.0,1.0,0.951988321134231,0.0,0.951988321134231
32,n02342885,1,0.5,1,1.0,0.0,0.0,0.0,1.0,0.0,0.9680067333129979,0.0,0.0
38,n02398521,1,0.5,1,1.0,0.0,1.0,0.0,1.0,1.0,0.9204278446919448,0.0,0.9204278446919448
95,n03337140,1,0.5,1,1.0,0.0,0.0,0.0,1.0,0.0,0.9722867411387086,0.0,0.0
7,n01674464,1,0.5,4,0.75,0.0,0.75,0.0,0.75,0.75,0.6827281262538459,0.0,0.6827281262538459
37,n02395003,1,0.5,3,0.6666666666666666,0.0,0.6666666666666666,0.0,0.6666666666666666,0.6666666666666666,0.6259154246670199,0.0,0.6099167589504034
157,n04330267,1,0.5,3,0.6666666666666666,0.0,0.6666666666666666,0.0,0.6666666666666666,0.6666666666666666,0.4508447483857556,0.0,0.46089717213152354
84,n03128519,1,0.5,4,0.5,0.0,0.5,0.0,0.5,0.5,0.4350726216218039,0.0,0.42056382811755927
6,n01662784,1,0.5,2,1.0,0.5,1.0,0.5,0.5,0.5,0.8130584531808898,0.4842264912262214,0.8130584531808898
12,n01882714,1,0.5,2,0.5,0.0,0.5,0.0,0.5,0.5,0.39250029451127766,0.0,0.31161280826483473
42,n02437136,1,0.5,2,0.5,0.0,0.5,0.0,0.5,0.5,0.48303208344703746,0.0,0.45925195363249793
50,n02672831,1,0.5,2,0.5,0.0,0.5,0.0,0.5,0.5,0.33695420795937425,0.0,0.4854134042632003
65,n02870880,1,0.5,2,0.5,0.0,0.5,0.0,0.5,0.5,0.48766962690016863,0.0,0.5785382816772577
79,n03063338,1,0.5,2,0.5,0.0,0.5,0.0,0.5,0.5,0.349881891546301,0.0,0.4313875343616584
200,n07880968,1,0.5,2,0.5,0.0,0.5,0.0,0.5,0.5,0.47040012964779127,0.0,0.47040012964779127
10,n01776313,1,0.5,3,0.3333333333333333,0.0,0.3333333333333333,0.0,0.3333333333333333,0.3333333333333333,0.4636933160628052,0.0,0.4636933160628052
164,n04392985,1,0.5,3,0.3333333333333333,0.0,0.0,0.0,0.3333333333333333,0.0,0.3742468818862566,0.0,0.05093590594972064
70,n02924116,1,0.5,7,0.2857142857142857,0.0,0.2857142857142857,0.0,0.2857142857142857,0.2857142857142857,0.2930026463254785,0.0,0.2744973115430637
47,n02503517,1,0.5,11,0.2727272727272727,0.0,0.0,0.0,0.2727272727272727,0.0,0.356221251062754,0.0,0.0
67,n02880940,1,0.5,4,0.25,0.0,0.25,0.0,0.25,0.25,0.30174398913418743,0.0,0.3626846095383164
136,n04004767,1,0.5,5,0.2,0.0,0.0,0.0,0.2,0.0,0.2048255778971965,0.0,0.016768688934925738
29,n02274259,1,0.5,7,0.7142857142857143,0.5714285714285714,0.7142857142857143,0.7999999999999999,0.1428571428571429,0.1428571428571429,0.6119176538064511,0.47690563783993706,0.6119176538064511
54,n02769748,1,0.5,8,0.125,0.0,0.25,0.0,0.125,0.25,0.12348602200790813,0.0,0.19101260827873415
83,n03124170,1,0.5,8,0.125,0.0,0.375,0.0,0.125,0.375,0.15076392664812635,0.0,0.30379890774918183
58,n02799071,1,0.5,9,0.1111111111111111,0.0,0.0,0.0,0.1111111111111111,0.0,0.11630964009514837,0.0,0.0
142,n04074963,1,0.5,12,0.08333333333333333,0.0,0.08333333333333333,0.0,0.08333333333333333,0.08333333333333333,0.08507992082887465,0.0,0.08914603748282764
76,n03001627,1,0.5,13,0.23076923076923078,0.15384615384615385,0.46153846153846156,0.6666666666666666,0.07692307692307693,0.3076923076923077,0.24409059681369777,0.14130490068158028,0.42394816762241067
186,n07714571,1,0.5,18,0.05555555555555555,0.0,0.05555555555555555,0.0,0.05555555555555555,0.05555555555555555,0.07725926244122922,0.0,0.05950004895148543
4,n01503061,1,0.5,53,0.660377358490566,0.6415094339622641,0.660377358490566,0.9714285714285714,0.018867924528301883,0.018867924528301883,0.6107813272971933,0.593049782581083,0.6107813272971933
1,n00007846,1,0.5,122,0.3114754098360656,0.30327868852459017,0.4098360655737705,0.9736842105263157,0.008196721311475419,0.10655737704918034,0.3275307998154312,0.3050816357777424,0.4067302559276972
19,n02084071,1,0.5,54,0.7037037037037037,0.7037037037037037,0.7407407407407407,1.0,0.0,0.03703703703703698,0.6591330194406171,0.6564823210594277,0.6895454835290946
72,n02958343,1,0.5,30,0.2,0.2,0.26666666666666666,1.0,0.0,0.06666666666666665,0.21380071555446645,0.20612155066014248,0.2665328933944709
87,n03188531,1,0.5,11,0.0,0.0,0.0,0.0,0.0,0.0,0.07940383975570746,0.0,0.0
171,n04530566,1,0.5,11,0.2727272727272727,0.2727272727272727,0.36363636363636365,1.0,0.0,0.09090909090909094,0.2943900618270527,0.29054220721671625,0.3810778976687193
183,n07695742,1,0.5,11,0.0,0.0,0.09090909090909091,0.0,0.0,0.09090909090909091,0.01733448994520838,0.0,0.07385389471250783
18,n02076196,1,0.5,10,0.0,0.0,0.0,0.0,0.0,0.0,0.0,0.0,0.0
143,n04116512,1,0.5,10,0.0,0.0,0.0,0.0,0.0,0.0,0.018985714238534415,0.0,0.026322507988079547
39,n02402425,1,0.5,9,0.1111111111111111,0.1111111111111111,0.2222222222222222,1.0,0.0,0.1111111111111111,0.138622441891248,0.09487057407883083,0.21664336924619637
111,n03636649,1,0.5,8,0.125,0.125,0.375,1.0,0.0,0.25,0.1248171084171437,0.12266687349618466,0.3411552576379818
160,n04356056,1,0.5,7,0.0,0.0,0.7142857142857143,0.0,0.0,0.7142857142857143,0.02593814576724569,0.0,0.5669090411502378
163,n04379243,1,0.5,7,0.2857142857142857,0.2857142857142857,1.0,1.0,0.0,0.7142857142857143,0.3401307444670694,0.27779118506222017,0.9161269637636061
15,n01982650,1,0.5,6,0.16666666666666666,0.16666666666666666,0.16666666666666666,1.0,0.0,0.0,0.21819923483565715,0.21819923483565715,0.21819923483565715
108,n03535780,1,0.5,6,0.0,0.0,0.16666666666666666,0.0,0.0,0.16666666666666666,0.039577658356560165,0.0,0.15531293430672255
192,n07745940,1,0.5,6,0.16666666666666666,0.16666666666666666,0.16666666666666666,1.0,0.0,0.0,0.1718010815201975,0.1718010815201975,0.1718010815201975
82,n03110669,1,0.5,5,0.0,0.0,0.2,0.0,0.0,0.2,0.08108315249761902,0.0,0.15073509066212434
8,n01726692,1,0.5,4,0.75,0.75,0.75,1.0,0.0,0.0,0.6973145528555442,0.6299055438271859,0.6973145528555442
17,n02062744,1,0.5,4,0.25,0.25,0.5,1.0,0.0,0.25,0.21384761456159368,0.21384761456159368,0.3865378482693003
46,n02484322,1,0.5,4,0.75,0.75,0.75,1.0,0.0,0.0,0.6645632051047181,0.6645632051047181,0.6645632051047181
62,n02828884,1,0.5,4,0.0,0.0,0.25,0.0,0.0,0.25,0.15814704868355495,0.0,0.24057188883478461
118,n03764736,1,0.5,4,0.0,0.0,0.25,0.0,0.0,0.25,0.04126027312347378,0.0,0.3401750236224953
125,n03838899,1,0.5,4,0.0,0.0,0.25,0.0,0.0,0.25,0.04503596125661086,0.0,0.1774347723416359
179,n06874185,1,0.5,4,0.0,0.0,0.25,0.0,0.0,0.25,0.0,0.0,0.23649809142389294
16,n01990800,1,0.5,3,0.3333333333333333,0.3333333333333333,0.3333333333333333,1.0,0.0,0.0,0.3329585365703884,0.3329585365703884,0.3329585365703884
41,n02419796,1,0.5,3,0.6666666666666666,0.6666666666666666,0.6666666666666666,1.0,0.0,0.0,0.6279170984230077,0.6279170984230077,0.6279170984230077
68,n02883205,1,0.5,3,0.0,0.0,0.6666666666666666,0.0,0.0,0.6666666666666666,0.012242648014974164,0.0,0.41276414763497526
94,n03314780,1,0.5,3,0.0,0.0,0.0,0.0,0.0,0.0,0.2675302573777056,0.0,0.2675302573777056
96,n03372029,1,0.5,3,0.0,0.0,0.3333333333333333,0.0,0.0,0.3333333333333333,0.02263091886101949,0.0,0.24918542590030549
122,n03797390,1,0.5,3,0.0,0.0,0.3333333333333333,0.0,0.0,0.3333333333333333,0.04207060133935586,0.0,0.3600114531466787
147,n04141076,1,0.5,3,0.0,0.0,0.0,0.0,0.0,0.0,0.0,0.0,0.04900070636174956
26,n02206856,1,0.5,2,0.0,0.0,0.0,0.0,0.0,0.0,0.26483595918512154,0.0,0.07884566545521815
56,n02786058,1,0.5,2,0.0,0.0,0.5,0.0,0.0,0.5,0.0,0.0,0.6207294233007837
60,n02807133,1,0.5,2,0.0,0.0,1.0,0.0,0.0,1.0,0.20061372159126728,0.0,0.7966353381326177
69,n02892767,1,0.5,2,0.0,0.0,0.0,0.0,0.0,0.0,0.14589043848703334,0.0,0.1568381134607694
90,n03211117,1,0.5,2,0.5,0.5,1.0,1.0,0.0,0.5,0.26280381520288815,0.26280381520288815,0.7431350261279037
91,n03249569,1,0.5,2,0.0,0.0,0.0,0.0,0.0,0.0,0.016705675206677494,0.0,0.0
102,n03476991,1,0.5,2,0.0,0.0,1.0,0.0,0.0,1.0,0.04459826953091883,0.0,0.9313820899983917
107,n03513137,1,0.5,2,0.0,0.0,0.5,0.0,0.0,0.5,0.04537007137823769,0.0,0.46558062613869616
120,n03790512,1,0.5,2,0.0,0.0,0.5,0.0,0.0,0.5,0.15738766106765695,0.0,0.46252632268024263
134,n03991062,1,0.5,2,0.0,0.0,0.5,0.0,0.0,0.5,0.013784778579799883,0.0,0.3448119810970202
155,n04270147,1,0.5,2,0.0,0.0,0.0,0.0,0.0,0.0,0.003409234018237885,0.0,0.0
167,n04468005,1,0.5,2,1.0,1.0,1.0,1.0,0.0,0.0,0.8967094600569884,0.8967094600569884,0.8967094600569884
177,n04591157,1,0.5,2,0.0,0.0,1.0,0.0,0.0,1.0,0.004585307445545011,0.0,0.8151979782049446
14,n01944390,1,0.5,1,0.0,0.0,0.0,0.0,0.0,0.0,0.29314411399086193,0.29314411399086193,0.29314411399086193
52,n02764044,1,0.5,1,0.0,0.0,1.0,0.0,0.0,1.0,0.17398972387322303,0.0,0.8898284764124957
57,n02787622,1,0.5,1,0.0,0.0,0.0,0.0,0.0,0.0,0.29747822640320526,0.0,0.0
59,n02802426,1,0.5,1,0.0,0.0,1.0,0.0,0.0,1.0,0.0,0.0,0.8838805456805963
63,n02834778,1,0.5,1,1.0,1.0,1.0,1.0,0.0,0.0,0.9100209562325764,0.9100209562325764,0.9100209562325764
66,n02879718,1,0.5,1,0.0,0.0,1.0,0.0,0.0,1.0,0.4144636228596452,0.0,0.5882989444552366
73,n02970849,1,0.5,1,0.0,0.0,1.0,0.0,0.0,1.0,0.22255182027600198,0.0,0.6558999656736005
78,n03062245,1,0.5,1,0.0,0.0,1.0,0.0,0.0,1.0,0.26895446003063594,0.0,0.9295494537182882
80,n03085013,1,0.5,1,1.0,1.0,1.0,1.0,0.0,0.0,0.8085317158258537,0.8085317158258537,0.8085317158258537
89,n03207941,1,0.5,1,0.0,0.0,0.0,0.0,0.0,0.0,0.1535739436047825,0.0,0.0
92,n03255030,1,0.5,1,0.0,0.0,0.0,0.0,0.0,0.0,0.020803339053029068,0.0,0.020803339053029068
98,n03400231,1,0.5,1,0.0,0.0,0.0,0.0,0.0,0.0,0.3268485047909213,0.0,0.3268485047909213
101,n03467517,1,0.5,1,0.0,0.0,1.0,0.0,0.0,1.0,0.097011284270071,0.0,0.6964271613575521
114,n03710721,1,0.5,1,0.0,0.0,0.0,0.0,0.0,0.0,0.3240693789707395,0.0,0.0
119,n03770439,1,0.5,1,0.0,0.0,0.0,0.0,0.0,0.0,0.0,0.0,0.0
121,n03793489,1,0.5,1,0.0,0.0,1.0,0.0,0.0,1.0,0.0,0.0,0.8833672309983575
129,n03928116,1,0.5,1,0.0,0.0,0.0,0.0,0.0,0.0,0.1417608150271207,0.0,0.0
131,n03950228,1,0.5,1,0.0,0.0,0.0,0.0,0.0,0.0,0.20422383103136887,0.0,0.0
139,n04026417,1,0.5,1,0.0,0.0,1.0,0.0,0.0,1.0,0.15826915509776346,0.0,0.8343937626631067
140,n04039381,1,0.5,1,0.0,0.0,1.0,0.0,0.0,1.0,0.04775273617802223,0.0,0.7077217520430487
141,n04070727,1,0.5,1,0.0,0.0,0.0,0.0,0.0,0.0,0.3339844028889861,0.0,0.34330532928144947
144,n04118538,1,0.5,1,0.0,0.0,1.0,0.0,0.0,1.0,0.02460230753936712,0.0,0.9745391137071484
154,n04256520,1,0.5,1,0.0,0.0,1.0,0.0,0.0,1.0,0.2863766320937469,0.0,0.975398909758613
159,n04336792,1,0.5,1,0.0,0.0,1.0,0.0,0.0,1.0,0.24523037370616269,0.0,0.5979653330150376
168,n04487394,1,0.5,1,0.0,0.0,0.0,0.0,0.0,0.0,0.0,0.0,0.0
172,n04536866,1,0.5,1,0.0,0.0,0.0,0.0,0.0,0.0,0.4715051729738517,0.0,0.0
176,n04557648,1,0.5,1,0.0,0.0,1.0,0.0,0.0,1.0,0.0,0.0,0.8826718879947879
178,n04591713,1,0.5,1,0.0,0.0,0.0,0.0,0.0,0.0,0.0,0.0,0.0
42,n02437136,5,0.5,2,1.0,0.0,1.0,0.0,1.0,1.0,0.9406787482750099,0.0,0.9449309111053099
79,n03063338,5,0.5,2,1.0,0.0,1.0,0.0,1.0,1.0,0.5649726690226309,0.0,0.6193883961570208
102,n03476991,5,0.5,2,1.0,0.0,1.0,0.0,1.0,1.0,0.9313820899983917,0.0,0.9473655612437852
120,n03790512,5,0.5,2,1.0,0.0,1.0,0.0,1.0,1.0,0.8922383226115714,0.0,0.8922383226115714
30,n02317335,5,0.5,1,1.0,0.0,1.0,0.0,1.0,1.0,0.951988321134231,0.0,0.951988321134231
32,n02342885,5,0.5,1,1.0,0.0,0.0,0.0,1.0,0.0,0.9680067333129979,0.0,0.0
38,n02398521,5,0.5,1,1.0,0.0,1.0,0.0,1.0,1.0,0.9204278446919448,0.0,0.9204278446919448
52,n02764044,5,0.5,1,1.0,0.0,1.0,0.0,1.0,1.0,0.8898284764124957,0.0,0.8898284764124957
66,n02879718,5,0.5,1,1.0,0.0,1.0,0.0,1.0,1.0,0.5882989444552366,0.0,0.738955049914277
73,n02970849,5,0.5,1,1.0,0.0,1.0,0.0,1.0,1.0,0.5026248079951356,0.0,0.8895178600555251
78,n03062245,5,0.5,1,1.0,0.0,1.0,0.0,1.0,1.0,0.9295494537182882,0.0,0.9295494537182882
89,n03207941,5,0.5,1,1.0,0.0,0.0,0.0,1.0,0.0,0.5027352030652844,0.0,0.0
92,n03255030,5,0.5,1,1.0,0.0,1.0,0.0,1.0,1.0,0.8666303008278178,0.0,0.8666303008278178
95,n03337140,5,0.5,1,1.0,0.0,0.0,0.0,1.0,0.0,0.9722867411387086,0.0,0.0
131,n03950228,5,0.5,1,1.0,0.0,0.0,0.0,1.0,0.0,0.6709892388983273,0.0,0.0
139,n04026417,5,0.5,1,1.0,0.0,1.0,0.0,1.0,1.0,0.8343937626631067,0.0,0.9096251469412098
154,n04256520,5,0.5,1,1.0,0.0,1.0,0.0,1.0,1.0,0.975398909758613,0.0,0.975398909758613
84,n03128519,5,0.5,4,1.0,0.25,0.75,0.25,0.75,0.5,0.790053276656203,0.24404125596503884,0.6734979901216324
47,n02503517,5,0.5,11,0.7272727272727273,0.0,0.0,0.0,0.7272727272727273,0.0,0.563046183806799,0.0,0.0
16,n01990800,5,0.5,3,1.0,0.3333333333333333,1.0,0.3333333333333333,0.6666666666666667,0.6666666666666667,0.9464154222838118,0.3329585365703884,0.9464154222838118
94,n03314780,5,0.5,3,0.6666666666666666,0.0,0.6666666666666666,0.0,0.6666666666666666,0.6666666666666666,0.6642355532937255,0.2675302573777056,0.6642355532937255
157,n04330267,5,0.5,3,0.6666666666666666,0.0,0.6666666666666666,0.0,0.6666666666666666,0.6666666666666666,0.467131626737711,0.0,0.5624889045829141
164,n04392985,5,0.5,3,0.6666666666666666,0.0,0.3333333333333333,0.0,0.6666666666666666,0.3333333333333333,0.6431884163399101,0.0,0.3131970682762336
136,n04004767,5,0.5,5,0.6,0.0,0.0,0.0,0.6,0.0,0.5402291671225508,0.0,0.016768688934925738
67,n02880940,5,0.5,4,0.5,0.0,0.5,0.0,0.5,0.5,0.5887565592077282,0.11917803503388213,0.5878168850165099
12,n01882714,5,0.5,2,0.5,0.0,0.5,0.0,0.5,0.5,0.39250029451127766,0.0,0.31161280826483473
200,n07880968,5,0.5,2,0.5,0.0,0.5,0.0,0.5,0.5,0.47040012964779127,0.0,0.47040012964779127
58,n02799071,5,0.5,9,0.4444444444444444,0.0,0.0,0.0,0.4444444444444444,0.0,0.4253495787103027,0.0,0.0
142,n04074963,5,0.5,12,0.4166666666666667,0.0,0.4166666666666667,0.0,0.4166666666666667,0.4166666666666667,0.405197151392059,0.0,0.3943971453267476
186,n07714571,5,0.5,18,0.3333333333333333,0.0,0.2222222222222222,0.0,0.3333333333333333,0.2222222222222222,0.3479151009583296,0.0,0.20927141808611183
10,n01776313,5,0.5,3,0.3333333333333333,0.0,0.3333333333333333,0.0,0.3333333333333333,0.3333333333333333,0.4636933160628052,0.0,0.4667057802255281
68,n02883205,5,0.5,3,0.3333333333333333,0.0,0.6666666666666666,0.0,0.3333333333333333,0.6666666666666666,0.21954770339736127,0.0,0.41276414763497526
122,n03797390,5,0.5,3,0.3333333333333333,0.0,0.6666666666666666,0.0,0.3333333333333333,0.6666666666666666,0.36768249648390255,0.16225106705444664,0.6241934865150311
83,n03124170,5,0.5,8,0.625,0.375,0.375,0.6,0.25,0.0,0.5595840571055867,0.30379890774918183,0.30379890774918183
7,n01674464,5,0.5,4,1.0,0.75,1.0,0.75,0.25,0.25,0.9069064152518748,0.6827281262538459,0.9256605363172128
118,n03764736,5,0.5,4,0.5,0.25,0.5,0.5,0.25,0.25,0.5039196267364705,0.35278908736533415,0.4976933853017992
179,n06874185,5,0.5,4,0.25,0.0,0.5,0.0,0.25,0.5,0.20745904583235114,0.0,0.4439571372562441
82,n03110669,5,0.5,5,0.4,0.2,0.4,0.5,0.2,0.2,0.3447629613725554,0.15073509066212434,0.41418394208939624
183,n07695742,5,0.5,11,0.18181818181818182,0.0,0.45454545454545453,0.0,0.18181818181818182,0.45454545454545453,0.17110506895957964,0.0,0.4037581526970293
108,n03535780,5,0.5,6,0.16666666666666666,0.0,0.16666666666666666,0.0,0.16666666666666666,0.16666666666666666,0.1622573484228252,0.0,0.15531293430672255
160,n04356056,5,0.5,7,0.7142857142857143,0.5714285714285714,0.8571428571428571,0.7999999999999999,0.1428571428571429,0.2857142857142857,0.5827125381465965,0.4385623436599376,0.6857628591116631
54,n02769748,5,0.5,8,0.125,0.0,0.25,0.0,0.125,0.25,0.13920881634904972,0.0,0.19101260827873415
87,n03188531,5,0.5,11,0.09090909090909091,0.0,0.0,0.0,0.09090909090909091,0.0,0.15645279243388627,0.0,0.0
76,n03001627,5,0.5,13,0.6153846153846154,0.5384615384615384,0.7692307692307693,0.8749999999999999,0.07692307692307698,0.23076923076923084,0.594708511514384,0.5222766869653727,0.7379829280448649
4,n01503061,5,0.5,53,0.9245283018867925,0.9056603773584906,0.9433962264150944,0.9795918367346939,0.018867924528301883,0.037735849056603765,0.8515067647731734,0.8330432857420713,0.8666883223344557
19,n02084071,5,0.5,54,1.0,0.9814814814814815,1.0,0.9814814814814815,0.01851851851851849,0.01851851851851849,0.9249649347781274,0.907772816831521,0.9264312959496215
1,n00007846,5,0.5,122,0.6721311475409836,0.6639344262295082,0.7540983606557377,0.9878048780487805,0.008196721311475419,0.0901639344262295,0.6370951346170082,0.6237839604802948,0.6980557750466502
72,n02958343,5,0.5,30,0.7,0.7,0.8,1.0,0.0,0.10000000000000009,0.6281658710303906,0.6280770036733018,0.7127152178859002
171,n04530566,5,0.5,11,0.5454545454545454,0.5454545454545454,0.5454545454545454,1.0,0.0,0.0,0.5282698573428862,0.5233330313971327,0.5256146305883482
18,n02076196,5,0.5,10,0.2,0.2,0.4,1.0,0.0,0.2,0.22381683411177175,0.20387239514188354,0.3894059316072171
143,n04116512,5,0.5,10,0.0,0.0,0.0,0.0,0.0,0.0,0.02669918699314545,0.0,0.026322507988079547
39,n02402425,5,0.5,9,0.6666666666666666,0.6666666666666666,0.7777777777777778,1.0,0.0,0.11111111111111116,0.5603854130816046,0.5603854130816046,0.6391156102100722
111,n03636649,5,0.5,8,0.375,0.375,0.375,1.0,0.0,0.0,0.4015460602967056,0.3993958253757466,0.42662789818958696
29,n02274259,5,0.5,7,0.8571428571428571,0.8571428571428571,0.8571428571428571,1.0,0.0,0.0,0.7016783636578448,0.7016783636578448,0.7064081510517605
70,n02924116,5,0.5,7,0.42857142857142855,0.42857142857142855,0.8571428571428571,1.0,0.0,0.42857142857142855,0.43972153254888474,0.4282763134427133,0.7718426369155803
163,n04379243,5,0.5,7,0.7142857142857143,0.7142857142857143,1.0,1.0,0.0,0.2857142857142857,0.7374531821848983,0.6790928104638223,0.9161269637636061
15,n01982650,5,0.5,6,0.5,0.5,0.5,1.0,0.0,0.0,0.5143012546756757,0.5143012546756757,0.5143012546756757
192,n07745940,5,0.5,6,0.3333333333333333,0.3333333333333333,0.8333333333333334,1.0,0.0,0.5,0.33247955565198967,0.33247955565198967,0.6376361244997472
8,n01726692,5,0.5,4,0.75,0.75,1.0,1.0,0.0,0.25,0.6973145528555442,0.6973145528555442,0.8526871258151201
17,n02062744,5,0.5,4,1.0,1.0,1.0,1.0,0.0,0.0,0.733971333738519,0.733971333738519,0.733971333738519
46,n02484322,5,0.5,4,1.0,1.0,1.0,1.0,0.0,0.0,0.8720640857199591,0.8720640857199591,0.8783900426070642
62,n02828884,5,0.5,4,0.25,0.25,0.5,1.0,0.0,0.25,0.4294161266698166,0.24057188883478461,0.5577156552814792
125,n03838899,5,0.5,4,0.0,0.0,0.25,0.0,0.0,0.25,0.16334258499650153,0.0,0.19801345405564885
37,n02395003,5,0.5,3,1.0,1.0,1.0,1.0,0.0,0.0,0.9111489832912162,0.9111489832912162,0.9316866956783517
41,n02419796,5,0.5,3,1.0,1.0,1.0,1.0,0.0,0.0,0.91802248346883,0.91802248346883,0.9324994692758866
96,n03372029,5,0.5,3,0.0,0.0,0.3333333333333333,0.0,0.0,0.3333333333333333,0.09433901155919978,0.0,0.24918542590030549
147,n04141076,5,0.5,3,0.0,0.0,0.3333333333333333,0.0,0.0,0.3333333333333333,0.004961568974783356,0.0,0.3723770515708831
6,n01662784,5,0.5,2,1.0,1.0,1.0,1.0,0.0,0.0,0.8130584531808898,0.8130584531808898,0.8130584531808898
26,n02206856,5,0.5,2,0.0,0.0,0.0,0.0,0.0,0.0,0.31082828265052387,0.0,0.31082828265052387
50,n02672831,5,0.5,2,0.5,0.5,0.5,1.0,0.0,0.0,0.5447610675221735,0.47558856206953126,0.49264127890936626
56,n02786058,5,0.5,2,0.5,0.5,0.5,1.0,0.0,0.0,0.6207294233007837,0.6207294233007837,0.6207294233007837
60,n02807133,5,0.5,2,1.0,1.0,1.0,1.0,0.0,0.0,0.8971849572226743,0.8971849572226743,0.9482693166676078
65,n02870880,5,0.5,2,0.5,0.5,1.0,1.0,0.0,0.5,0.5785382816772577,0.5785382816772577,0.9633972855488651
69,n02892767,5,0.5,2,0.0,0.0,0.0,0.0,0.0,0.0,0.28630023362400425,0.0,0.16458362525431358
90,n03211117,5,0.5,2,1.0,1.0,1.0,1.0,0.0,0.0,0.7431350261279037,0.7431350261279037,0.840885263171858
91,n03249569,5,0.5,2,0.0,0.0,0.0,0.0,0.0,0.0,0.12083982947267269,0.0,0.0
107,n03513137,5,0.5,2,1.0,1.0,1.0,1.0,0.0,0.0,0.8974496681059448,0.8974496681059448,0.8974496681059448
134,n03991062,5,0.5,2,0.5,0.5,0.5,1.0,0.0,0.0,0.3448119810970202,0.3448119810970202,0.5892157014124398
155,n04270147,5,0.5,2,0.0,0.0,0.0,0.0,0.0,0.0,0.1770183141245508,0.0,0.0
167,n04468005,5,0.5,2,1.0,1.0,1.0,1.0,0.0,0.0,0.8967094600569884,0.8967094600569884,0.9150415316944853
177,n04591157,5,0.5,2,0.5,0.5,1.0,1.0,0.0,0.5,0.4130998710461088,0.4030289968075019,0.8151979782049446
2,n01443537,5,0.5,1,1.0,1.0,1.0,1.0,0.0,0.0,0.9743882613943584,0.9743882613943584,0.9743882613943584
14,n01944390,5,0.5,1,0.0,0.0,0.0,0.0,0.0,0.0,0.3508473875283513,0.29314411399086193,0.4572939351205526
21,n02121808,5,0.5,1,1.0,1.0,1.0,1.0,0.0,0.0,0.8715629008904011,0.8715629008904011,0.8715629008904011
57,n02787622,5,0.5,1,0.0,0.0,0.0,0.0,0.0,0.0,0.29747822640320526,0.0,0.0
59,n02802426,5,0.5,1,1.0,1.0,1.0,1.0,0.0,0.0,0.8838805456805963,0.8838805456805963,0.8838805456805963
63,n02834778,5,0.5,1,1.0,1.0,1.0,1.0,0.0,0.0,0.9100209562325764,0.9100209562325764,0.9100209562325764
80,n03085013,5,0.5,1,1.0,1.0,1.0,1.0,0.0,0.0,0.8085317158258537,0.8085317158258537,0.8085317158258537
98,n03400231,5,0.5,1,0.0,0.0,1.0,0.0,0.0,1.0,0.3268485047909213,0.0,0.7382328927892681
101,n03467517,5,0.5,1,0.0,0.0,1.0,0.0,0.0,1.0,0.29387255200697576,0.0,0.6964271613575521
114,n03710721,5,0.5,1,0.0,0.0,0.0,0.0,0.0,0.0,0.3240693789707395,0.0,0.0
119,n03770439,5,0.5,1,0.0,0.0,0.0,0.0,0.0,0.0,0.06763910754993069,0.0,0.0
121,n03793489,5,0.5,1,1.0,1.0,1.0,1.0,0.0,0.0,0.8833672309983575,0.8833672309983575,0.8833672309983575
129,n03928116,5,0.5,1,0.0,0.0,0.0,0.0,0.0,0.0,0.1417608150271207,0.0,0.0
140,n04039381,5,0.5,1,1.0,1.0,1.0,1.0,0.0,0.0,0.7077217520430487,0.7077217520430487,0.7077217520430487
141,n04070727,5,0.5,1,0.0,0.0,0.0,0.0,0.0,0.0,0.34330532928144947,0.0,0.34330532928144947
144,n04118538,5,0.5,1,0.0,0.0,1.0,0.0,0.0,1.0,0.02460230753936712,0.0,0.9745391137071484
159,n04336792,5,0.5,1,0.0,0.0,1.0,0.0,0.0,1.0,0.24523037370616269,0.0,0.6060329415058284
168,n04487394,5,0.5,1,0.0,0.0,1.0,0.0,0.0,1.0,0.0,0.0,0.8009912367036934
172,n04536866,5,0.5,1,0.0,0.0,0.0,0.0,0.0,0.0,0.4715051729738517,0.0,0.0
176,n04557648,5,0.5,1,1.0,1.0,1.0,1.0,0.0,0.0,0.8826718879947879,0.8826718879947879,0.8826718879947879
178,n04591713,5,0.5,1,0.0,0.0,0.0,0.0,0.0,0.0,0.01019925872665648,0.0,0.0
164,n04392985,10,0.5,3,1.0,0.0,0.3333333333333333,0.0,1.0,0.3333333333333333,0.9309082059862472,0.0,0.3131970682762336
12,n01882714,10,0.5,2,1.0,0.0,0.5,0.0,1.0,0.5,0.7041131027761124,0.0,0.31161280826483473
42,n02437136,10,0.5,2,1.0,0.0,1.0,0.0,1.0,1.0,0.9406787482750099,0.0,0.9449309111053099
79,n03063338,10,0.5,2,1.0,0.0,1.0,0.0,1.0,1.0,0.6193883961570208,0.0,0.745643616931975
120,n03790512,10,0.5,2,1.0,0.0,1.0,0.0,1.0,1.0,0.8922383226115714,0.0,0.8922383226115714
30,n02317335,10,0.5,1,1.0,0.0,1.0,0.0,1.0,1.0,0.951988321134231,0.0,0.951988321134231
32,n02342885,10,0.5,1,1.0,0.0,0.0,0.0,1.0,0.0,0.9680067333129979,0.0,0.0
38,n02398521,10,0.5,1,1.0,0.0,1.0,0.0,1.0,1.0,0.9204278446919448,0.0,0.9204278446919448
52,n02764044,10,0.5,1,1.0,0.0,1.0,0.0,1.0,1.0,0.8898284764124957,0.0,0.8898284764124957
66,n02879718,10,0.5,1,1.0,0.0,1.0,0.0,1.0,1.0,0.5882989444552366,0.0,0.738955049914277
73,n02970849,10,0.5,1,1.0,0.0,1.0,0.0,1.0,1.0,0.5026248079951356,0.0,0.9024976336242317
78,n03062245,10,0.5,1,1.0,0.0,1.0,0.0,1.0,1.0,0.9295494537182882,0.0,0.9295494537182882
89,n03207941,10,0.5,1,1.0,0.0,0.0,0.0,1.0,0.0,0.5027352030652844,0.0,0.0
92,n03255030,10,0.5,1,1.0,0.0,1.0,0.0,1.0,1.0,0.8666303008278178,0.0,0.8666303008278178
95,n03337140,10,0.5,1,1.0,0.0,0.0,0.0,1.0,0.0,0.9722867411387086,0.0,0.0
101,n03467517,10,0.5,1,1.0,0.0,1.0,0.0,1.0,1.0,0.6964271613575521,0.0,0.6964271613575521
129,n03928116,10,0.5,1,1.0,0.0,0.0,0.0,1.0,0.0,0.9383011797056067,0.0,0.0
131,n03950228,10,0.5,1,1.0,0.0,0.0,0.0,1.0,0.0,0.6709892388983273,0.0,0.0
139,n04026417,10,0.5,1,1.0,0.0,1.0,0.0,1.0,1.0,0.8343937626631067,0.0,0.9096251469412098
144,n04118538,10,0.5,1,1.0,0.0,1.0,0.0,1.0,1.0,0.9745391137071484,0.0,0.9745391137071484
47,n02503517,10,0.5,11,0.9090909090909091,0.0,0.0,0.0,0.9090909090909091,0.0,0.7014026225248046,0.0,0.0
136,n04004767,10,0.5,5,0.8,0.0,0.0,0.0,0.8,0.0,0.7334668238493924,0.0,0.016768688934925738
16,n01990800,10,0.5,3,1.0,0.3333333333333333,1.0,0.3333333333333333,0.6666666666666667,0.6666666666666667,0.9464154222838118,0.3329585365703884,0.9464154222838118
58,n02799071,10,0.5,9,0.6666666666666666,0.0,0.0,0.0,0.6666666666666666,0.0,0.6179431803306755,0.0,0.0
94,n03314780,10,0.5,3,0.6666666666666666,0.0,0.6666666666666666,0.0,0.6666666666666666,0.6666666666666666,0.6642355532937255,0.2675302573777056,0.6695400855457888
157,n04330267,10,0.5,3,0.6666666666666666,0.0,0.6666666666666666,0.0,0.6666666666666666,0.6666666666666666,0.5247629801305821,0.0,0.5624889045829141
186,n07714571,10,0.5,18,0.6111111111111112,0.0,0.2222222222222222,0.0,0.6111111111111112,0.2222222222222222,0.5820446413828284,0.0,0.20927141808611183
142,n04074963,10,0.5,12,0.5833333333333334,0.0,0.5833333333333334,0.0,0.5833333333333334,0.5833333333333334,0.5644937783628465,0.0,0.5546301809907624
83,n03124170,10,0.5,8,0.875,0.375,0.375,0.42857142857142855,0.5,0.0,0.7645992947185308,0.30379890774918183,0.30379890774918183
67,n02880940,10,0.5,4,0.5,0.0,0.5,0.0,0.5,0.5,0.5887565592077282,0.11917803503388213,0.5878168850165099
179,n06874185,10,0.5,4,0.5,0.0,0.5,0.0,0.5,0.5,0.4446764970496908,0.0,0.4439571372562441
102,n03476991,10,0.5,2,1.0,0.5,1.0,0.5,0.5,0.5,0.9379432972549905,0.4708044919537352,0.9473655612437852
200,n07880968,10,0.5,2,0.5,0.0,0.5,0.0,0.5,0.5,0.47040012964779127,0.0,0.47040012964779127
87,n03188531,10,0.5,11,0.45454545454545453,0.0,0.0,0.0,0.45454545454545453,0.0,0.46399937688979626,0.0,0.0
183,n07695742,10,0.5,11,0.2727272727272727,0.0,0.5454545454545454,0.0,0.2727272727272727,0.5454545454545454,0.30887609937485155,0.0,0.48101834241728497
54,n02769748,10,0.5,8,0.25,0.0,0.25,0.0,0.25,0.25,0.24679152453154057,0.0,0.19101260827873415
84,n03128519,10,0.5,4,1.0,0.75,1.0,0.75,0.25,0.25,0.790053276656203,0.604113399478199,0.856615274317517
118,n03764736,10,0.5,4,0.75,0.5,0.5,0.6666666666666666,0.25,0.0,0.6488239246729356,0.4976933853017992,0.4976933853017992
82,n03110669,10,0.5,5,0.6,0.4,0.6,0.6666666666666667,0.19999999999999996,0.19999999999999996,0.5727534577729093,0.41418394208939624,0.469792577782679
108,n03535780,10,0.5,6,0.16666666666666666,0.0,0.16666666666666666,0.0,0.16666666666666666,0.16666666666666666,0.16929221700968736,0.0,0.15531293430672255
171,n04530566,10,0.5,11,0.6363636363636364,0.5454545454545454,0.5454545454545454,0.8571428571428571,0.09090909090909094,0.0,0.6051979872962063,0.5233330313971327,0.5901875370259445
4,n01503061,10,0.5,53,0.9622641509433962,0.9433962264150944,0.9811320754716981,0.9803921568627451,0.018867924528301883,0.037735849056603765,0.8848867387584987,0.8656454114552707,0.9033790929815848
1,n00007846,10,0.5,122,0.7622950819672131,0.7540983606557377,0.819672131147541,0.989247311827957,0.008196721311475419,0.06557377049180335,0.7155274357892183,0.7026797932048138,0.7626031986963498
19,n02084071,10,0.5,54,1.0,1.0,1.0,1.0,0.0,0.0,0.9259272842841128,0.9249649347781274,0.9275665920907774
72,n02958343,10,0.5,30,0.8333333333333334,0.8333333333333334,0.8666666666666667,1.0,0.0,0.033333333333333326,0.7390591718075173,0.7387290063472001,0.7574908907289299
76,n03001627,10,0.5,13,0.6923076923076923,0.6923076923076923,0.9230769230769231,1.0,0.0,0.23076923076923084,0.6760191991273421,0.657999395968774,0.8366149921837717
18,n02076196,10,0.5,10,0.5,0.5,0.7,1.0,0.0,0.19999999999999996,0.44703380835234424,0.4430051308300394,0.6049710861283456
143,n04116512,10,0.5,10,0.0,0.0,0.1,0.0,0.0,0.1,0.02669918699314545,0.0,0.099911306844567
39,n02402425,10,0.5,9,0.8888888888888888,0.8888888888888888,0.8888888888888888,1.0,0.0,0.0,0.7353409480115968,0.7353409480115968,0.7445352864578934
111,n03636649,10,0.5,8,0.5,0.5,0.625,1.0,0.0,0.125,0.49721247544565383,0.49534673398727536,0.6587434633242891
29,n02274259,10,0.5,7,0.8571428571428571,0.8571428571428571,0.8571428571428571,1.0,0.0,0.0,0.7030516403029338,0.7030516403029338,0.7477375702338166
70,n02924116,10,0.5,7,0.7142857142857143,0.7142857142857143,0.8571428571428571,1.0,0.0,0.1428571428571428,0.6792211228825974,0.6792211228825974,0.7718426369155803
160,n04356056,10,0.5,7,0.7142857142857143,0.7142857142857143,0.8571428571428571,1.0,0.0,0.1428571428571428,0.6386806221579869,0.6139874204324276,0.6857628591116631
163,n04379243,10,0.5,7,0.7142857142857143,0.7142857142857143,1.0,1.0,0.0,0.2857142857142857,0.7792175138855129,0.6790928104638223,0.9161269637636061
15,n01982650,10,0.5,6,0.5,0.5,0.5,1.0,0.0,0.0,0.5776680212484137,0.5143012546756757,0.5143012546756757
192,n07745940,10,0.5,6,0.8333333333333334,0.8333333333333334,1.0,1.0,0.0,0.16666666666666663,0.6376361244997472,0.6376361244997472,0.7490655205614525
7,n01674464,10,0.5,4,1.0,1.0,1.0,1.0,0.0,0.0,0.9069064152518748,0.9069064152518748,0.9256605363172128
8,n01726692,10,0.5,4,0.75,0.75,1.0,1.0,0.0,0.25,0.6973145528555442,0.6973145528555442,0.8526871258151201
17,n02062744,10,0.5,4,1.0,1.0,1.0,1.0,0.0,0.0,0.733971333738519,0.733971333738519,0.7401131472181953
46,n02484322,10,0.5,4,1.0,1.0,1.0,1.0,0.0,0.0,0.8720640857199591,0.8720640857199591,0.8783900426070642
62,n02828884,10,0.5,4,0.25,0.25,0.5,1.0,0.0,0.25,0.498794447893409,0.24057188883478461,0.5577156552814792
125,n03838899,10,0.5,4,0.25,0.25,0.25,1.0,0.0,0.0,0.3074254185558588,0.1774347723416359,0.19801345405564885
10,n01776313,10,0.5,3,0.3333333333333333,0.3333333333333333,0.6666666666666666,1.0,0.0,0.3333333333333333,0.4636933160628052,0.3171927876195143,0.5047467930647781
37,n02395003,10,0.5,3,1.0,1.0,1.0,1.0,0.0,0.0,0.9111489832912162,0.9111489832912162,0.9372979271585548
41,n02419796,10,0.5,3,1.0,1.0,1.0,1.0,0.0,0.0,0.9194234636796751,0.91802248346883,0.9324994692758866
68,n02883205,10,0.5,3,0.3333333333333333,0.3333333333333333,0.6666666666666666,1.0,0.0,0.3333333333333333,0.21954770339736127,0.20616427892518832,0.41276414763497526
96,n03372029,10,0.5,3,0.0,0.0,0.3333333333333333,0.0,0.0,0.3333333333333333,0.24580233691843514,0.0,0.24918542590030549
122,n03797390,10,0.5,3,0.3333333333333333,0.3333333333333333,0.6666666666666666,1.0,0.0,0.3333333333333333,0.36768249648390255,0.3600114531466787,0.6241934865150311
147,n04141076,10,0.5,3,0.0,0.0,0.3333333333333333,0.0,0.0,0.3333333333333333,0.2169875184563758,0.0,0.4689114357688749
6,n01662784,10,0.5,2,1.0,1.0,1.0,1.0,0.0,0.0,0.8130584531808898,0.8130584531808898,0.8133059460320997
26,n02206856,10,0.5,2,0.0,0.0,0.0,0.0,0.0,0.0,0.31082828265052387,0.0,0.31082828265052387
50,n02672831,10,0.5,2,0.5,0.5,0.5,1.0,0.0,0.0,0.5447610675221735,0.47558856206953126,0.49264127890936626
56,n02786058,10,0.5,2,0.5,0.5,0.5,1.0,0.0,0.0,0.6207294233007837,0.6207294233007837,0.6207294233007837
60,n02807133,10,0.5,2,1.0,1.0,1.0,1.0,0.0,0.0,0.8971849572226743,0.8971849572226743,0.9482693166676078
65,n02870880,10,0.5,2,0.5,0.5,1.0,1.0,0.0,0.5,0.5785382816772577,0.5785382816772577,0.9633972855488651
69,n02892767,10,0.5,2,0.0,0.0,0.0,0.0,0.0,0.0,0.28630023362400425,0.0,0.16458362525431358
90,n03211117,10,0.5,2,1.0,1.0,1.0,1.0,0.0,0.0,0.7431350261279037,0.7431350261279037,0.840885263171858
91,n03249569,10,0.5,2,0.0,0.0,0.0,0.0,0.0,0.0,0.15571937650542259,0.0,0.0
107,n03513137,10,0.5,2,1.0,1.0,1.0,1.0,0.0,0.0,0.8974496681059448,0.8974496681059448,0.9049894638698874
134,n03991062,10,0.5,2,0.5,0.5,0.5,1.0,0.0,0.0,0.3448119810970202,0.3448119810970202,0.5892157014124398
155,n04270147,10,0.5,2,0.0,0.0,0.0,0.0,0.0,0.0,0.1770183141245508,0.0,0.0
167,n04468005,10,0.5,2,1.0,1.0,1.0,1.0,0.0,0.0,0.8967094600569884,0.8967094600569884,0.9150415316944853
177,n04591157,10,0.5,2,0.5,0.5,1.0,1.0,0.0,0.5,0.4130998710461088,0.4030289968075019,0.8151979782049446
2,n01443537,10,0.5,1,1.0,1.0,1.0,1.0,0.0,0.0,0.9743882613943584,0.9743882613943584,0.9743882613943584
14,n01944390,10,0.5,1,0.0,0.0,0.0,0.0,0.0,0.0,0.4242695410141061,0.29314411399086193,0.4572939351205526
21,n02121808,10,0.5,1,1.0,1.0,1.0,1.0,0.0,0.0,0.8715629008904011,0.8715629008904011,0.8715629008904011
57,n02787622,10,0.5,1,0.0,0.0,0.0,0.0,0.0,0.0,0.29747822640320526,0.0,0.0
59,n02802426,10,0.5,1,1.0,1.0,1.0,1.0,0.0,0.0,0.8838805456805963,0.8838805456805963,0.8838805456805963
63,n02834778,10,0.5,1,1.0,1.0,1.0,1.0,0.0,0.0,0.9100209562325764,0.9100209562325764,0.9160295551453146
80,n03085013,10,0.5,1,1.0,1.0,1.0,1.0,0.0,0.0,0.8085317158258537,0.8085317158258537,0.835429325190052
98,n03400231,10,0.5,1,0.0,0.0,1.0,0.0,0.0,1.0,0.3268485047909213,0.0,0.7382328927892681
114,n03710721,10,0.5,1,0.0,0.0,0.0,0.0,0.0,0.0,0.3240693789707395,0.0,0.0
119,n03770439,10,0.5,1,0.0,0.0,0.0,0.0,0.0,0.0,0.06763910754993069,0.0,0.0
121,n03793489,10,0.5,1,1.0,1.0,1.0,1.0,0.0,0.0,0.8833672309983575,0.8833672309983575,0.8833672309983575
140,n04039381,10,0.5,1,1.0,1.0,1.0,1.0,0.0,0.0,0.7077217520430487,0.7077217520430487,0.7077217520430487
141,n04070727,10,0.5,1,0.0,0.0,0.0,0.0,0.0,0.0,0.34330532928144947,0.0,0.34330532928144947
154,n04256520,10,0.5,1,1.0,1.0,1.0,1.0,0.0,0.0,0.975398909758613,0.975398909758613,0.975398909758613
159,n04336792,10,0.5,1,1.0,1.0,1.0,1.0,0.0,0.0,0.6060329415058284,0.6060329415058284,0.9198766587272061
168,n04487394,10,0.5,1,0.0,0.0,1.0,0.0,0.0,1.0,0.4258195136217649,0.0,0.8009912367036934
172,n04536866,10,0.5,1,0.0,0.0,0.0,0.0,0.0,0.0,0.4715051729738517,0.0,0.0
176,n04557648,10,0.5,1,1.0,1.0,1.0,1.0,0.0,0.0,0.8826718879947879,0.8826718879947879,0.8826718879947879
178,n04591713,10,0.5,1,0.0,0.0,0.0,0.0,0.0,0.0,0.01019925872665648,0.0,0.0
47,n02503517,50,0.5,11,1.0,0.0,0.0,0.0,1.0,0.0,0.8043911695683512,0.0,0.0
136,n04004767,50,0.5,5,1.0,0.0,0.0,0.0,1.0,0.0,0.91645907324173,0.0,0.016768688934925738
96,n03372029,50,0.5,3,1.0,0.0,0.3333333333333333,0.0,1.0,0.3333333333333333,0.6889491288066164,0.0,0.24918542590030549
12,n01882714,50,0.5,2,1.0,0.0,0.5,0.0,1.0,0.5,0.7048202798184717,0.0,0.31161280826483473
120,n03790512,50,0.5,2,1.0,0.0,1.0,0.0,1.0,1.0,0.8989339455254418,0.0,0.8922383226115714
14,n01944390,50,0.5,1,1.0,0.0,0.0,0.0,1.0,0.0,0.8202993183329141,0.29314411399086193,0.4572939351205526
32,n02342885,50,0.5,1,1.0,0.0,0.0,0.0,1.0,0.0,0.9680067333129979,0.0,0.0
38,n02398521,50,0.5,1,1.0,0.0,1.0,0.0,1.0,1.0,0.9204278446919448,0.0,0.9204278446919448
66,n02879718,50,0.5,1,1.0,0.0,1.0,0.0,1.0,1.0,0.738955049914277,0.0,0.738955049914277
78,n03062245,50,0.5,1,1.0,0.0,1.0,0.0,1.0,1.0,0.9770675272130241,0.0,0.9295494537182882
89,n03207941,50,0.5,1,1.0,0.0,0.0,0.0,1.0,0.0,0.8524055460382199,0.0,0.0
92,n03255030,50,0.5,1,1.0,0.0,1.0,0.0,1.0,1.0,0.8666303008278178,0.0,0.8666303008278178
95,n03337140,50,0.5,1,1.0,0.0,0.0,0.0,1.0,0.0,0.9775867448428638,0.0,0.0
98,n03400231,50,0.5,1,1.0,0.0,1.0,0.0,1.0,1.0,0.9179700508295745,0.0,0.7382328927892681
129,n03928116,50,0.5,1,1.0,0.0,0.0,0.0,1.0,0.0,0.9383011797056067,0.0,0.0
131,n03950228,50,0.5,1,1.0,0.0,0.0,0.0,1.0,0.0,0.7866415960918143,0.0,0.0
141,n04070727,50,0.5,1,1.0,0.0,0.0,0.0,1.0,0.0,0.751555487357341,0.0,0.34330532928144947
168,n04487394,50,0.5,1,1.0,0.0,1.0,0.0,1.0,1.0,0.8009912367036934,0.01889099107106382,0.8009912367036934
172,n04536866,50,0.5,1,1.0,0.0,0.0,0.0,1.0,0.0,0.719386144398935,0.0,0.0
186,n07714571,50,0.5,18,0.9444444444444444,0.0,0.2222222222222222,0.0,0.9444444444444444,0.2222222222222222,0.8439080788799703,0.0,0.20927141808611183
87,n03188531,50,0.5,11,0.9090909090909091,0.0,0.0,0.0,0.9090909090909091,0.0,0.8388530670732233,0.0,0.0
183,n07695742,50,0.5,11,0.8181818181818182,0.0,0.5454545454545454,0.0,0.8181818181818182,0.5454545454545454,0.708389517781122,0.0,0.48101834241728497
58,n02799071,50,0.5,9,0.7777777777777778,0.0,0.0,0.0,0.7777777777777778,0.0,0.7250436122849879,0.0,0.0
157,n04330267,50,0.5,3,1.0,0.3333333333333333,0.6666666666666666,0.3333333333333333,0.6666666666666667,0.3333333333333333,0.7322184443349951,0.18741263712321765,0.5624889045829141
164,n04392985,50,0.5,3,1.0,0.3333333333333333,0.3333333333333333,0.3333333333333333,0.6666666666666667,0.0,0.9342970514213818,0.3131970682762336,0.3131970682762336
83,n03124170,50,0.5,8,1.0,0.375,0.375,0.375,0.625,0.0,0.819533907744553,0.30379890774918183,0.30379890774918183
26,n02206856,50,0.5,2,0.5,0.0,0.0,0.0,0.5,0.0,0.41342380814974805,0.31082828265052387,0.31082828265052387
42,n02437136,50,0.5,2,1.0,0.5,1.0,0.5,0.5,0.5,0.9481297244347606,0.46670292979224876,0.9449309111053099
50,n02672831,50,0.5,2,1.0,0.5,0.5,0.5,0.5,0.0,0.7974106996045764,0.47558856206953126,0.49264127890936626
79,n03063338,50,0.5,2,1.0,0.5,1.0,0.5,0.5,0.5,0.9316117770761713,0.4313875343616584,0.745643616931975
91,n03249569,50,0.5,2,0.5,0.0,0.0,0.0,0.5,0.0,0.508852437895434,0.0,0.0
200,n07880968,50,0.5,2,0.5,0.0,0.5,0.0,0.5,0.5,0.6492983736128031,0.0,0.47040012964779127
68,n02883205,50,0.5,3,1.0,0.6666666666666666,0.6666666666666666,0.6666666666666666,0.33333333333333337,0.0,0.5809189816971824,0.41276414763497526,0.41276414763497526
10,n01776313,50,0.5,3,0.6666666666666666,0.3333333333333333,0.6666666666666666,0.5,0.3333333333333333,0.3333333333333333,0.5067694730349618,0.4636933160628052,0.5047467930647781
94,n03314780,50,0.5,3,0.6666666666666666,0.3333333333333333,0.6666666666666666,0.5,0.3333333333333333,0.3333333333333333,0.6642355532937255,0.5044936460162754,0.6695400855457888
122,n03797390,50,0.5,3,0.6666666666666666,0.3333333333333333,0.6666666666666666,0.5,0.3333333333333333,0.3333333333333333,0.6241934865150311,0.3600114531466787,0.6241934865150311
147,n04141076,50,0.5,3,0.3333333333333333,0.0,0.3333333333333333,0.0,0.3333333333333333,0.3333333333333333,0.4631601364398726,0.15915851884010285,0.4689114357688749
8,n01726692,50,0.5,4,1.0,0.75,1.0,0.75,0.25,0.25,0.8463823040081149,0.6995947675688143,0.8579088621009583
62,n02828884,50,0.5,4,0.5,0.25,0.75,0.5,0.25,0.5,0.6222828852533527,0.24536008275206683,0.7722900323819875
67,n02880940,50,0.5,4,0.5,0.25,0.5,0.5,0.25,0.25,0.5933671515406466,0.3626846095383164,0.5878168850165099
84,n03128519,50,0.5,4,1.0,0.75,1.0,0.75,0.25,0.25,0.856615274317517,0.604113399478199,0.856615274317517
118,n03764736,50,0.5,4,0.75,0.5,0.5,0.6666666666666666,0.25,0.0,0.6714940852220816,0.4976933853017992,0.4976933853017992
179,n06874185,50,0.5,4,0.5,0.25,0.5,0.5,0.25,0.25,0.4446764970496908,0.2377717618354221,0.4439571372562441
82,n03110669,50,0.5,5,0.6,0.4,0.6,0.6666666666666667,0.19999999999999996,0.19999999999999996,0.5727534577729093,0.41418394208939624,0.469792577782679
142,n04074963,50,0.5,12,0.5833333333333334,0.4166666666666667,0.5833333333333334,0.7142857142857143,0.16666666666666669,0.16666666666666669,0.6581280042200132,0.3943971453267476,0.5546301809907624
108,n03535780,50,0.5,6,0.16666666666666666,0.0,0.16666666666666666,0.0,0.16666666666666666,0.16666666666666666,0.1765607733044745,0.0,0.15531293430672255
54,n02769748,50,0.5,8,0.375,0.25,0.25,0.6666666666666666,0.125,0.0,0.37747424864731527,0.18934006837571343,0.19511400978789495
39,n02402425,50,0.5,9,1.0,0.8888888888888888,0.8888888888888888,0.8888888888888888,0.11111111111111116,0.0,0.8165187425934441,0.7430232755325282,0.7793314442615383
18,n02076196,50,0.5,10,0.8,0.7,0.8,0.8749999999999999,0.10000000000000009,0.10000000000000009,0.7089994966887307,0.6049710861283456,0.6721556197024707
171,n04530566,50,0.5,11,0.6363636363636364,0.5454545454545454,0.5454545454545454,0.8571428571428571,0.09090909090909094,0.0,0.6590893213485173,0.5757187417322283,0.6047310588646537
1,n00007846,50,0.5,122,0.860655737704918,0.8360655737704918,0.8934426229508197,0.9714285714285715,0.024590163934426146,0.05737704918032782,0.7840879689112185,0.7615790826406681,0.8190894508904513
4,n01503061,50,0.5,53,0.9811320754716981,0.9622641509433962,0.9811320754716981,0.9807692307692307,0.018867924528301883,0.018867924528301883,0.9019099775268398,0.8834778923582571,0.903892427977904
19,n02084071,50,0.5,54,1.0,1.0,1.0,1.0,0.0,0.0,0.9275141967022172,0.925806593246101,0.9282688901666136
72,n02958343,50,0.5,30,0.9666666666666667,0.9666666666666667,0.9666666666666667,1.0,0.0,0.0,0.8293030568906217,0.8290617587873931,0.836639544778144
76,n03001627,50,0.5,13,0.9230769230769231,0.9230769230769231,0.9230769230769231,1.0,0.0,0.0,0.8723390670675975,0.8366149921837717,0.8386710290645046
143,n04116512,50,0.5,10,0.0,0.0,0.1,0.0,0.0,0.1,0.03731146828343435,0.026322507988079547,0.099911306844567
111,n03636649,50,0.5,8,0.5,0.5,0.75,1.0,0.0,0.25,0.5758654581273556,0.5739997166689772,0.6978711978693204
29,n02274259,50,0.5,7,0.8571428571428571,0.8571428571428571,0.8571428571428571,1.0,0.0,0.0,0.7477308930754657,0.74438105948499,0.7477375702338166
70,n02924116,50,0.5,7,0.8571428571428571,0.8571428571428571,0.8571428571428571,1.0,0.0,0.0,0.7718426369155803,0.7718426369155803,0.7718426369155803
160,n04356056,50,0.5,7,0.8571428571428571,0.8571428571428571,0.8571428571428571,1.0,0.0,0.0,0.6857628591116631,0.6857628591116631,0.7014382964944039
163,n04379243,50,0.5,7,1.0,1.0,1.0,1.0,0.0,0.0,0.9161269637636061,0.9161269637636061,0.9161269637636061
15,n01982650,50,0.5,6,0.6666666666666666,0.6666666666666666,0.8333333333333334,1.0,0.0,0.16666666666666674,0.6022136969791523,0.6022136969791523,0.6755743823246596
192,n07745940,50,0.5,6,1.0,1.0,1.0,1.0,0.0,0.0,0.7490655205614525,0.7490655205614525,0.8000213816329116
7,n01674464,50,0.5,4,1.0,1.0,1.0,1.0,0.0,0.0,0.9256605363172128,0.9256605363172128,0.9293999731639274
17,n02062744,50,0.5,4,1.0,1.0,1.0,1.0,0.0,0.0,0.733971333738519,0.733971333738519,0.742831483685357
46,n02484322,50,0.5,4,1.0,1.0,1.0,1.0,0.0,0.0,0.8825478465480381,0.8783900426070642,0.8838122138998594
125,n03838899,50,0.5,4,0.25,0.25,0.25,1.0,0.0,0.0,0.3447758993153735,0.19801345405564885,0.19801345405564885
16,n01990800,50,0.5,3,1.0,1.0,1.0,1.0,0.0,0.0,0.9464154222838118,0.9464154222838118,0.9464154222838118
37,n02395003,50,0.5,3,1.0,1.0,1.0,1.0,0.0,0.0,0.9372979271585548,0.9316866956783517,0.9372979271585548
41,n02419796,50,0.5,3,1.0,1.0,1.0,1.0,0.0,0.0,0.9324994692758866,0.9194234636796751,0.9324994692758866
6,n01662784,50,0.5,2,1.0,1.0,1.0,1.0,0.0,0.0,0.8130584531808898,0.8130584531808898,0.8133059460320997
56,n02786058,50,0.5,2,0.5,0.5,0.5,1.0,0.0,0.0,0.6207294233007837,0.6207294233007837,0.6207294233007837
60,n02807133,50,0.5,2,1.0,1.0,1.0,1.0,0.0,0.0,0.9482693166676078,0.9482693166676078,0.9482693166676078
65,n02870880,50,0.5,2,1.0,1.0,1.0,1.0,0.0,0.0,0.9633972855488651,0.9633972855488651,0.9633972855488651
69,n02892767,50,0.5,2,0.0,0.0,0.0,0.0,0.0,0.0,0.2972479085977403,0.1568381134607694,0.16458362525431358
90,n03211117,50,0.5,2,1.0,1.0,1.0,1.0,0.0,0.0,0.7431350261279037,0.7431350261279037,0.840885263171858
102,n03476991,50,0.5,2,1.0,1.0,1.0,1.0,0.0,0.0,0.9473655612437852,0.9313820899983917,0.9473655612437852
107,n03513137,50,0.5,2,1.0,1.0,1.0,1.0,0.0,0.0,0.8974496681059448,0.8974496681059448,0.9049894638698874
134,n03991062,50,0.5,2,0.5,0.5,0.5,1.0,0.0,0.0,0.5148408156226013,0.3448119810970202,0.5892157014124398
155,n04270147,50,0.5,2,0.0,0.0,0.0,0.0,0.0,0.0,0.1770183141245508,0.0,0.0
167,n04468005,50,0.5,2,1.0,1.0,1.0,1.0,0.0,0.0,0.9150415316944853,0.9150415316944853,0.9150415316944853
177,n04591157,50,0.5,2,1.0,1.0,1.0,1.0,0.0,0.0,0.8151979782049446,0.8151979782049446,0.8151979782049446
2,n01443537,50,0.5,1,1.0,1.0,1.0,1.0,0.0,0.0,0.9743882613943584,0.9743882613943584,0.9743882613943584
21,n02121808,50,0.5,1,1.0,1.0,1.0,1.0,0.0,0.0,0.8715629008904011,0.8715629008904011,0.8715629008904011
30,n02317335,50,0.5,1,1.0,1.0,1.0,1.0,0.0,0.0,0.951988321134231,0.951988321134231,0.951988321134231
52,n02764044,50,0.5,1,1.0,1.0,1.0,1.0,0.0,0.0,0.8898284764124957,0.8898284764124957,0.8898284764124957
57,n02787622,50,0.5,1,0.0,0.0,0.0,0.0,0.0,0.0,0.29747822640320526,0.0,0.0
59,n02802426,50,0.5,1,1.0,1.0,1.0,1.0,0.0,0.0,0.8838805456805963,0.8838805456805963,0.8838805456805963
63,n02834778,50,0.5,1,1.0,1.0,1.0,1.0,0.0,0.0,0.9100209562325764,0.9100209562325764,0.9160295551453146
73,n02970849,50,0.5,1,1.0,1.0,1.0,1.0,0.0,0.0,0.8895178600555251,0.8895178600555251,0.9024976336242317
80,n03085013,50,0.5,1,1.0,1.0,1.0,1.0,0.0,0.0,0.8085317158258537,0.8085317158258537,0.835429325190052
101,n03467517,50,0.5,1,1.0,1.0,1.0,1.0,0.0,0.0,0.9632017697580851,0.6964271613575521,0.6964271613575521
114,n03710721,50,0.5,1,0.0,0.0,0.0,0.0,0.0,0.0,0.3240693789707395,0.0,0.0
119,n03770439,50,0.5,1,0.0,0.0,0.0,0.0,0.0,0.0,0.06763910754993069,0.0,0.0
121,n03793489,50,0.5,1,1.0,1.0,1.0,1.0,0.0,0.0,0.8833672309983575,0.8833672309983575,0.8833672309983575
139,n04026417,50,0.5,1,1.0,1.0,1.0,1.0,0.0,0.0,0.9096251469412098,0.9096251469412098,0.9096251469412098
140,n04039381,50,0.5,1,1.0,1.0,1.0,1.0,0.0,0.0,0.7077217520430487,0.7077217520430487,0.7077217520430487
144,n04118538,50,0.5,1,1.0,1.0,1.0,1.0,0.0,0.0,0.9745391137071484,0.9745391137071484,0.9745391137071484
154,n04256520,50,0.5,1,1.0,1.0,1.0,1.0,0.0,0.0,0.975398909758613,0.975398909758613,0.975398909758613
159,n04336792,50,0.5,1,1.0,1.0,1.0,1.0,0.0,0.0,0.6691129782688641,0.6691129782688641,0.9198766587272061
176,n04557648,50,0.5,1,1.0,1.0,1.0,1.0,0.0,0.0,0.8826718879947879,0.8826718879947879,0.8826718879947879
178,n04591713,50,0.5,1,0.0,0.0,0.0,0.0,0.0,0.0,0.01019925872665648,0.0,0.0
47,n02503517,100,0.5,11,1.0,0.0,0.0,0.0,1.0,0.0,0.8178403141355127,0.0,0.0
87,n03188531,100,0.5,11,1.0,0.0,0.0,0.0,1.0,0.0,0.919151317512786,0.0,0.0
136,n04004767,100,0.5,5,1.0,0.0,0.0,0.0,1.0,0.0,0.91645907324173,0.0,0.016768688934925738
12,n01882714,100,0.5,2,1.0,0.0,0.5,0.0,1.0,0.5,0.705982580408898,0.0,0.31161280826483473
91,n03249569,100,0.5,2,1.0,0.0,0.0,0.0,1.0,0.0,0.7349029650051775,0.0,0.0
200,n07880968,100,0.5,2,1.0,0.0,0.5,0.0,1.0,0.5,0.7793827618208031,0.0,0.47040012964779127
14,n01944390,100,0.5,1,1.0,0.0,0.0,0.0,1.0,0.0,0.8202993183329141,0.4572939351205526,0.4572939351205526
32,n02342885,100,0.5,1,1.0,0.0,0.0,0.0,1.0,0.0,0.9680067333129979,0.0,0.0
38,n02398521,100,0.5,1,1.0,0.0,1.0,0.0,1.0,1.0,0.9204278446919448,0.0,0.9204278446919448
89,n03207941,100,0.5,1,1.0,0.0,0.0,0.0,1.0,0.0,0.8524055460382199,0.0,0.0
95,n03337140,100,0.5,1,1.0,0.0,0.0,0.0,1.0,0.0,0.9775867448428638,0.0,0.0
98,n03400231,100,0.5,1,1.0,0.0,1.0,0.0,1.0,1.0,0.9179700508295745,0.0,0.7382328927892681
129,n03928116,100,0.5,1,1.0,0.0,0.0,0.0,1.0,0.0,0.9383011797056067,0.0,0.0
131,n03950228,100,0.5,1,1.0,0.0,0.0,0.0,1.0,0.0,0.7866415960918143,0.0,0.0
141,n04070727,100,0.5,1,1.0,0.0,0.0,0.0,1.0,0.0,0.751555487357341,0.0,0.34330532928144947
168,n04487394,100,0.5,1,1.0,0.0,1.0,0.0,1.0,1.0,0.8009912367036934,0.01889099107106382,0.8009912367036934
172,n04536866,100,0.5,1,1.0,0.0,0.0,0.0,1.0,0.0,0.719386144398935,0.0,0.0
186,n07714571,100,0.5,18,0.9444444444444444,0.05555555555555555,0.2222222222222222,0.058823529411764705,0.8888888888888888,0.16666666666666666,0.8444312589430775,0.05950004895148543,0.20927141808611183
58,n02799071,100,0.5,9,0.8888888888888888,0.0,0.0,0.0,0.8888888888888888,0.0,0.8092519211361006,0.0,0.0
62,n02828884,100,0.5,4,1.0,0.25,0.75,0.25,0.75,0.5,0.7978784129534269,0.24536008275206683,0.7722900323819875
183,n07695742,100,0.5,11,0.9090909090909091,0.18181818181818182,0.5454545454545454,0.2,0.7272727272727273,0.3636363636363636,0.7507139309514371,0.17303786101674667,0.48101834241728497
94,n03314780,100,0.5,3,1.0,0.3333333333333333,0.6666666666666666,0.3333333333333333,0.6666666666666667,0.3333333333333333,0.8053258979240739,0.5044936460162754,0.6695400855457888
96,n03372029,100,0.5,3,1.0,0.3333333333333333,0.3333333333333333,0.3333333333333333,0.6666666666666667,0.0,0.709164478568983,0.24918542590030549,0.24918542590030549
164,n04392985,100,0.5,3,1.0,0.3333333333333333,0.3333333333333333,0.3333333333333333,0.6666666666666667,0.0,0.9342970514213818,0.3131970682762336,0.3131970682762336
83,n03124170,100,0.5,8,1.0,0.375,0.375,0.375,0.625,0.0,0.819533907744553,0.30379890774918183,0.30379890774918183
26,n02206856,100,0.5,2,0.5,0.0,0.0,0.0,0.5,0.0,0.5191065838952924,0.31082828265052387,0.31082828265052387
42,n02437136,100,0.5,2,1.0,0.5,1.0,0.5,0.5,0.5,0.9481297244347606,0.46670292979224876,0.9449309111053099
50,n02672831,100,0.5,2,1.0,0.5,0.5,0.5,0.5,0.0,0.8046385742507425,0.47558856206953126,0.49264127890936626
120,n03790512,100,0.5,2,1.0,0.5,1.0,0.5,0.5,0.5,0.899978946910913,0.4297119999313288,0.8922383226115714
68,n02883205,100,0.5,3,1.0,0.6666666666666666,0.6666666666666666,0.6666666666666666,0.33333333333333337,0.0,0.5809189816971824,0.41276414763497526,0.41276414763497526
122,n03797390,100,0.5,3,1.0,0.6666666666666666,0.6666666666666666,0.6666666666666666,0.33333333333333337,0.0,0.774409662811041,0.6241934865150311,0.6241934865150311
157,n04330267,100,0.5,3,1.0,0.6666666666666666,0.6666666666666666,0.6666666666666666,0.33333333333333337,0.0,0.7675378197516595,0.46089717213152354,0.5624889045829141
10,n01776313,100,0.5,3,0.6666666666666666,0.3333333333333333,0.6666666666666666,0.5,0.3333333333333333,0.3333333333333333,0.5630984068441635,0.4636933160628052,0.5047467930647781
54,n02769748,100,0.5,8,0.5,0.25,0.25,0.5,0.25,0.0,0.5292119973872605,0.18934006837571343,0.19511400978789495
118,n03764736,100,0.5,4,0.75,0.5,0.5,0.6666666666666666,0.25,0.0,0.6739530769591774,0.4976933853017992,0.4976933853017992
179,n06874185,100,0.5,4,0.75,0.5,0.5,0.6666666666666666,0.25,0.0,0.6059232083794739,0.4439571372562441,0.4439571372562441
82,n03110669,100,0.5,5,0.8,0.6,0.6,0.7499999999999999,0.20000000000000007,0.0,0.628362093466192,0.4611757230584341,0.469792577782679
108,n03535780,100,0.5,6,0.16666666666666666,0.0,0.16666666666666666,0.0,0.16666666666666666,0.16666666666666666,0.18169794917348403,0.0,0.15531293430672255
39,n02402425,100,0.5,9,1.0,0.8888888888888888,0.8888888888888888,0.8888888888888888,0.11111111111111116,0.0,0.8165187425934441,0.7445352864578934,0.7793314442615383
18,n02076196,100,0.5,10,0.8,0.7,0.8,0.8749999999999999,0.10000000000000009,0.10000000000000009,0.7089994966887307,0.6243142250585217,0.6721556197024707
171,n04530566,100,0.5,11,0.6363636363636364,0.5454545454545454,0.5454545454545454,0.8571428571428571,0.09090909090909094,0.0,0.6714499323409742,0.5946838369973404,0.6047310588646537
142,n04074963,100,0.5,12,0.5833333333333334,0.5,0.5833333333333334,0.8571428571428571,0.08333333333333337,0.08333333333333337,0.7021828859780245,0.4743478315012184,0.5546301809907624
76,n03001627,100,0.5,13,1.0,0.9230769230769231,0.9230769230769231,0.9230769230769231,0.07692307692307687,0.0,0.8760714387307623,0.8366149921837717,0.8386710290645046
4,n01503061,100,0.5,53,0.9811320754716981,0.9622641509433962,0.9811320754716981,0.9807692307692307,0.018867924528301883,0.018867924528301883,0.9044281080549277,0.8868901137654966,0.903892427977904
1,n00007846,100,0.5,122,0.9016393442622951,0.8852459016393442,0.8934426229508197,0.9818181818181818,0.016393442622950838,0.008196721311475419,0.8196501383435363,0.8045203173792674,0.8190894508904513
19,n02084071,100,0.5,54,1.0,1.0,1.0,1.0,0.0,0.0,0.9282688901666136,0.9273018931396927,0.9288866621758562
72,n02958343,100,0.5,30,0.9666666666666667,0.9666666666666667,0.9666666666666667,1.0,0.0,0.0,0.8367474820847072,0.83445304927196,0.836639544778144
143,n04116512,100,0.5,10,0.0,0.0,0.1,0.0,0.0,0.1,0.04762617859326331,0.026322507988079547,0.099911306844567
111,n03636649,100,0.5,8,0.5,0.5,0.75,1.0,0.0,0.25,0.577094107094767,0.5739997166689772,0.6978711978693204
29,n02274259,100,0.5,7,0.8571428571428571,0.8571428571428571,0.8571428571428571,1.0,0.0,0.0,0.7483683619341991,0.7477308930754657,0.7477375702338166
70,n02924116,100,0.5,7,0.8571428571428571,0.8571428571428571,0.8571428571428571,1.0,0.0,0.0,0.7830559026123262,0.7718426369155803,0.7718426369155803
160,n04356056,100,0.5,7,0.8571428571428571,0.8571428571428571,0.8571428571428571,1.0,0.0,0.0,0.6857628591116631,0.6857628591116631,0.7014382964944039
163,n04379243,100,0.5,7,1.0,1.0,1.0,1.0,0.0,0.0,0.9161269637636061,0.9161269637636061,0.9161269637636061
15,n01982650,100,0.5,6,0.6666666666666666,0.6666666666666666,0.8333333333333334,1.0,0.0,0.16666666666666674,0.6135173504441801,0.610142417642738,0.790274307205234
192,n07745940,100,0.5,6,1.0,1.0,1.0,1.0,0.0,0.0,0.7490655205614525,0.7490655205614525,0.8000213816329116
7,n01674464,100,0.5,4,1.0,1.0,1.0,1.0,0.0,0.0,0.9293999731639274,0.9256605363172128,0.9293999731639274
8,n01726692,100,0.5,4,1.0,1.0,1.0,1.0,0.0,0.0,0.8526871258151201,0.8526871258151201,0.8579088621009583
17,n02062744,100,0.5,4,1.0,1.0,1.0,1.0,0.0,0.0,0.742831483685357,0.742831483685357,0.742831483685357
46,n02484322,100,0.5,4,1.0,1.0,1.0,1.0,0.0,0.0,0.8825478465480381,0.8825478465480381,0.8838122138998594
67,n02880940,100,0.5,4,0.5,0.5,0.5,1.0,0.0,0.0,0.5933671515406466,0.5862337490423469,0.5878168850165099
84,n03128519,100,0.5,4,1.0,1.0,1.0,1.0,0.0,0.0,0.856615274317517,0.790053276656203,0.856615274317517
125,n03838899,100,0.5,4,0.25,0.25,0.25,1.0,0.0,0.0,0.3447758993153735,0.19801345405564885,0.19801345405564885
16,n01990800,100,0.5,3,1.0,1.0,1.0,1.0,0.0,0.0,0.9464154222838118,0.9464154222838118,0.9464154222838118
37,n02395003,100,0.5,3,1.0,1.0,1.0,1.0,0.0,0.0,0.9372979271585548,0.9372979271585548,0.9372979271585548
41,n02419796,100,0.5,3,1.0,1.0,1.0,1.0,0.0,0.0,0.9324994692758866,0.9324994692758866,0.9324994692758866
147,n04141076,100,0.5,3,0.3333333333333333,0.3333333333333333,0.3333333333333333,1.0,0.0,0.0,0.48120226113534526,0.4689114357688749,0.4689114357688749
6,n01662784,100,0.5,2,1.0,1.0,1.0,1.0,0.0,0.0,0.8597766721221508,0.8133059460320997,0.8133059460320997
56,n02786058,100,0.5,2,0.5,0.5,0.5,1.0,0.0,0.0,0.6207294233007837,0.6207294233007837,0.6207294233007837
60,n02807133,100,0.5,2,1.0,1.0,1.0,1.0,0.0,0.0,0.9482693166676078,0.9482693166676078,0.9482693166676078
65,n02870880,100,0.5,2,1.0,1.0,1.0,1.0,0.0,0.0,0.9633972855488651,0.9633972855488651,0.9633972855488651
69,n02892767,100,0.5,2,0.0,0.0,0.0,0.0,0.0,0.0,0.3405638173820568,0.1568381134607694,0.16458362525431358
79,n03063338,100,0.5,2,1.0,1.0,1.0,1.0,0.0,0.0,0.9629087896937869,0.6193883961570208,0.745643616931975
90,n03211117,100,0.5,2,1.0,1.0,1.0,1.0,0.0,0.0,0.7431350261279037,0.7431350261279037,0.840885263171858
102,n03476991,100,0.5,2,1.0,1.0,1.0,1.0,0.0,0.0,0.9473655612437852,0.9408043539871864,0.9473655612437852
107,n03513137,100,0.5,2,1.0,1.0,1.0,1.0,0.0,0.0,0.8974496681059448,0.8974496681059448,0.9049894638698874
134,n03991062,100,0.5,2,0.5,0.5,0.5,1.0,0.0,0.0,0.5148408156226013,0.5148408156226013,0.5892157014124398
155,n04270147,100,0.5,2,0.0,0.0,0.0,0.0,0.0,0.0,0.274513814756773,0.0,0.0
167,n04468005,100,0.5,2,1.0,1.0,1.0,1.0,0.0,0.0,0.9150415316944853,0.9150415316944853,0.9150415316944853
177,n04591157,100,0.5,2,1.0,1.0,1.0,1.0,0.0,0.0,0.8151979782049446,0.8151979782049446,0.8151979782049446
2,n01443537,100,0.5,1,1.0,1.0,1.0,1.0,0.0,0.0,0.9743882613943584,0.9743882613943584,0.9743882613943584
21,n02121808,100,0.5,1,1.0,1.0,1.0,1.0,0.0,0.0,0.8715629008904011,0.8715629008904011,0.8715629008904011
30,n02317335,100,0.5,1,1.0,1.0,1.0,1.0,0.0,0.0,0.951988321134231,0.951988321134231,0.951988321134231
52,n02764044,100,0.5,1,1.0,1.0,1.0,1.0,0.0,0.0,0.8898284764124957,0.8898284764124957,0.8898284764124957
57,n02787622,100,0.5,1,0.0,0.0,0.0,0.0,0.0,0.0,0.4258935184440916,0.0,0.0
59,n02802426,100,0.5,1,1.0,1.0,1.0,1.0,0.0,0.0,0.8838805456805963,0.8838805456805963,0.8838805456805963
63,n02834778,100,0.5,1,1.0,1.0,1.0,1.0,0.0,0.0,0.9160295551453146,0.9100209562325764,0.9160295551453146
66,n02879718,100,0.5,1,1.0,1.0,1.0,1.0,0.0,0.0,0.738955049914277,0.5882989444552366,0.738955049914277
73,n02970849,100,0.5,1,1.0,1.0,1.0,1.0,0.0,0.0,0.8895178600555251,0.8895178600555251,0.9024976336242317
78,n03062245,100,0.5,1,1.0,1.0,1.0,1.0,0.0,0.0,0.9770675272130241,0.9295494537182882,0.9295494537182882
80,n03085013,100,0.5,1,1.0,1.0,1.0,1.0,0.0,0.0,0.8085317158258537,0.8085317158258537,0.835429325190052
92,n03255030,100,0.5,1,1.0,1.0,1.0,1.0,0.0,0.0,0.8666303008278178,0.8666303008278178,0.8666303008278178
101,n03467517,100,0.5,1,1.0,1.0,1.0,1.0,0.0,0.0,0.9632017697580851,0.6964271613575521,0.6964271613575521
114,n03710721,100,0.5,1,0.0,0.0,0.0,0.0,0.0,0.0,0.3240693789707395,0.0,0.0
119,n03770439,100,0.5,1,0.0,0.0,0.0,0.0,0.0,0.0,0.39471666867350547,0.0,0.0
121,n03793489,100,0.5,1,1.0,1.0,1.0,1.0,0.0,0.0,0.8833672309983575,0.8833672309983575,0.8833672309983575
139,n04026417,100,0.5,1,1.0,1.0,1.0,1.0,0.0,0.0,0.9096251469412098,0.9096251469412098,0.9096251469412098
140,n04039381,100,0.5,1,1.0,1.0,1.0,1.0,0.0,0.0,0.7077217520430487,0.7077217520430487,0.7077217520430487
144,n04118538,100,0.5,1,1.0,1.0,1.0,1.0,0.0,0.0,0.9745391137071484,0.9745391137071484,0.9745391137071484
154,n04256520,100,0.5,1,1.0,1.0,1.0,1.0,0.0,0.0,0.975398909758613,0.975398909758613,0.975398909758613
159,n04336792,100,0.5,1,1.0,1.0,1.0,1.0,0.0,0.0,0.9198766587272061,0.9198766587272061,0.9198766587272061
176,n04557648,100,0.5,1,1.0,1.0,1.0,1.0,0.0,0.0,0.8826718879947879,0.8826718879947879,0.8826718879947879
178,n04591713,100,0.5,1,0.0,0.0,0.0,0.0,0.0,0.0,0.01019925872665648,0.0,0.0
2,n01443537,1,0.75,1,1.0,0.0,1.0,0.0,1.0,1.0,0.9743882613943584,0.0,0.9743882613943584
21,n02121808,1,0.75,1,1.0,0.0,1.0,0.0,1.0,1.0,0.8715629008904011,0.0,0.8715629008904011
30,n02317335,1,0.75,1,1.0,0.0,1.0,0.0,1.0,1.0,0.951988321134231,0.0,0.951988321134231
32,n02342885,1,0.75,1,1.0,0.0,0.0,0.0,1.0,0.0,0.9680067333129979,0.0,0.0
38,n02398521,1,0.75,1,1.0,0.0,1.0,0.0,1.0,1.0,0.9204278446919448,0.0,0.9204278446919448
95,n03337140,1,0.75,1,1.0,0.0,0.0,0.0,1.0,0.0,0.9722867411387086,0.0,0.0
7,n01674464,1,0.75,4,0.75,0.0,0.75,0.0,0.75,0.75,0.6827281262538459,0.0,0.6827281262538459
37,n02395003,1,0.75,3,0.6666666666666666,0.0,0.6666666666666666,0.0,0.6666666666666666,0.6666666666666666,0.6259154246670199,0.0,0.6099167589504034
12,n01882714,1,0.75,2,0.5,0.0,0.0,0.0,0.5,0.0,0.39250029451127766,0.0,0.31161280826483473
42,n02437136,1,0.75,2,0.5,0.0,0.5,0.0,0.5,0.5,0.48303208344703746,0.0,0.45925195363249793
65,n02870880,1,0.75,2,0.5,0.0,0.5,0.0,0.5,0.5,0.48766962690016863,0.0,0.5785382816772577
200,n07880968,1,0.75,2,0.5,0.0,0.5,0.0,0.5,0.5,0.47040012964779127,0.0,0.47040012964779127
10,n01776313,1,0.75,3,0.3333333333333333,0.0,0.3333333333333333,0.0,0.3333333333333333,0.3333333333333333,0.4636933160628052,0.0,0.4636933160628052
157,n04330267,1,0.75,3,0.3333333333333333,0.0,0.3333333333333333,0.0,0.3333333333333333,0.3333333333333333,0.4508447483857556,0.0,0.46089717213152354
164,n04392985,1,0.75,3,0.3333333333333333,0.0,0.0,0.0,0.3333333333333333,0.0,0.3742468818862566,0.0,0.05093590594972064
70,n02924116,1,0.75,7,0.2857142857142857,0.0,0.2857142857142857,0.0,0.2857142857142857,0.2857142857142857,0.2930026463254785,0.0,0.2744973115430637
67,n02880940,1,0.75,4,0.25,0.0,0.25,0.0,0.25,0.25,0.30174398913418743,0.0,0.3626846095383164
84,n03128519,1,0.75,4,0.25,0.0,0.25,0.0,0.25,0.25,0.4350726216218039,0.0,0.42056382811755927
136,n04004767,1,0.75,5,0.2,0.0,0.0,0.0,0.2,0.0,0.2048255778971965,0.0,0.016768688934925738
47,n02503517,1,0.75,11,0.18181818181818182,0.0,0.0,0.0,0.18181818181818182,0.0,0.356221251062754,0.0,0.0
29,n02274259,1,0.75,7,0.42857142857142855,0.2857142857142857,0.42857142857142855,0.6666666666666666,0.14285714285714285,0.14285714285714285,0.6119176538064511,0.47690563783993706,0.6119176538064511
54,n02769748,1,0.75,8,0.125,0.0,0.125,0.0,0.125,0.125,0.12348602200790813,0.0,0.19101260827873415
58,n02799071,1,0.75,9,0.1111111111111111,0.0,0.0,0.0,0.1111111111111111,0.0,0.11630964009514837,0.0,0.0
142,n04074963,1,0.75,12,0.08333333333333333,0.0,0.08333333333333333,0.0,0.08333333333333333,0.08333333333333333,0.08507992082887465,0.0,0.08914603748282764
186,n07714571,1,0.75,18,0.05555555555555555,0.0,0.05555555555555555,0.0,0.05555555555555555,0.05555555555555555,0.07725926244122922,0.0,0.05950004895148543
4,n01503061,1,0.75,53,0.660377358490566,0.6415094339622641,0.660377358490566,0.9714285714285714,0.018867924528301883,0.018867924528301883,0.6107813272971933,0.593049782581083,0.6107813272971933
1,n00007846,1,0.75,122,0.28688524590163933,0.2786885245901639,0.36885245901639346,0.9714285714285714,0.008196721311475419,0.09016393442622955,0.3275307998154312,0.3050816357777424,0.4067302559276972
19,n02084071,1,0.75,54,0.6666666666666666,0.6666666666666666,0.7037037037037037,1.0,0.0,0.03703703703703709,0.6591330194406171,0.6564823210594277,0.6895454835290946
72,n02958343,1,0.75,30,0.2,0.2,0.26666666666666666,1.0,0.0,0.06666666666666665,0.21380071555446645,0.20612155066014248,0.2665328933944709
76,n03001627,1,0.75,13,0.15384615384615385,0.15384615384615385,0.46153846153846156,1.0,0.0,0.3076923076923077,0.24409059681369777,0.14130490068158028,0.42394816762241067
87,n03188531,1,0.75,11,0.0,0.0,0.0,0.0,0.0,0.0,0.07940383975570746,0.0,0.0
171,n04530566,1,0.75,11,0.2727272727272727,0.2727272727272727,0.36363636363636365,1.0,0.0,0.09090909090909094,0.2943900618270527,0.29054220721671625,0.3810778976687193
183,n07695742,1,0.75,11,0.0,0.0,0.09090909090909091,0.0,0.0,0.09090909090909091,0.01733448994520838,0.0,0.07385389471250783
18,n02076196,1,0.75,10,0.0,0.0,0.0,0.0,0.0,0.0,0.0,0.0,0.0
143,n04116512,1,0.75,10,0.0,0.0,0.0,0.0,0.0,0.0,0.018985714238534415,0.0,0.026322507988079547
39,n02402425,1,0.75,9,0.1111111111111111,0.1111111111111111,0.2222222222222222,1.0,0.0,0.1111111111111111,0.138622441891248,0.09487057407883083,0.21664336924619637
83,n03124170,1,0.75,8,0.0,0.0,0.25,0.0,0.0,0.25,0.15076392664812635,0.0,0.30379890774918183
111,n03636649,1,0.75,8,0.125,0.125,0.375,1.0,0.0,0.25,0.1248171084171437,0.12266687349618466,0.3411552576379818
160,n04356056,1,0.75,7,0.0,0.0,0.2857142857142857,0.0,0.0,0.2857142857142857,0.02593814576724569,0.0,0.5669090411502378
163,n04379243,1,0.75,7,0.2857142857142857,0.2857142857142857,0.8571428571428571,1.0,0.0,0.5714285714285714,0.3401307444670694,0.27779118506222017,0.9161269637636061
15,n01982650,1,0.75,6,0.0,0.0,0.0,0.0,0.0,0.0,0.21819923483565715,0.21819923483565715,0.21819923483565715
108,n03535780,1,0.75,6,0.0,0.0,0.16666666666666666,0.0,0.0,0.16666666666666666,0.039577658356560165,0.0,0.15531293430672255
192,n07745940,1,0.75,6,0.16666666666666666,0.16666666666666666,0.16666666666666666,1.0,0.0,0.0,0.1718010815201975,0.1718010815201975,0.1718010815201975
82,n03110669,1,0.75,5,0.0,0.0,0.0,0.0,0.0,0.0,0.08108315249761902,0.0,0.15073509066212434
8,n01726692,1,0.75,4,0.5,0.5,0.5,1.0,0.0,0.0,0.6973145528555442,0.6299055438271859,0.6973145528555442
17,n02062744,1,0.75,4,0.25,0.25,0.25,1.0,0.0,0.0,0.21384761456159368,0.21384761456159368,0.3865378482693003
46,n02484322,1,0.75,4,0.5,0.5,0.5,1.0,0.0,0.0,0.6645632051047181,0.6645632051047181,0.6645632051047181
62,n02828884,1,0.75,4,0.0,0.0,0.25,0.0,0.0,0.25,0.15814704868355495,0.0,0.24057188883478461
118,n03764736,1,0.75,4,0.0,0.0,0.25,0.0,0.0,0.25,0.04126027312347378,0.0,0.3401750236224953
125,n03838899,1,0.75,4,0.0,0.0,0.0,0.0,0.0,0.0,0.04503596125661086,0.0,0.1774347723416359
179,n06874185,1,0.75,4,0.0,0.0,0.25,0.0,0.0,0.25,0.0,0.0,0.23649809142389294
16,n01990800,1,0.75,3,0.3333333333333333,0.3333333333333333,0.3333333333333333,1.0,0.0,0.0,0.3329585365703884,0.3329585365703884,0.3329585365703884
41,n02419796,1,0.75,3,0.6666666666666666,0.6666666666666666,0.6666666666666666,1.0,0.0,0.0,0.6279170984230077,0.6279170984230077,0.6279170984230077
68,n02883205,1,0.75,3,0.0,0.0,0.0,0.0,0.0,0.0,0.012242648014974164,0.0,0.41276414763497526
94,n03314780,1,0.75,3,0.0,0.0,0.0,0.0,0.0,0.0,0.2675302573777056,0.0,0.2675302573777056
96,n03372029,1,0.75,3,0.0,0.0,0.0,0.0,0.0,0.0,0.02263091886101949,0.0,0.24918542590030549
122,n03797390,1,0.75,3,0.0,0.0,0.0,0.0,0.0,0.0,0.04207060133935586,0.0,0.3600114531466787
147,n04141076,1,0.75,3,0.0,0.0,0.0,0.0,0.0,0.0,0.0,0.0,0.04900070636174956
6,n01662784,1,0.75,2,0.5,0.5,0.5,1.0,0.0,0.0,0.8130584531808898,0.4842264912262214,0.8130584531808898
26,n02206856,1,0.75,2,0.0,0.0,0.0,0.0,0.0,0.0,0.26483595918512154,0.0,0.07884566545521815
50,n02672831,1,0.75,2,0.0,0.0,0.5,0.0,0.0,0.5,0.33695420795937425,0.0,0.4854134042632003
56,n02786058,1,0.75,2,0.0,0.0,0.5,0.0,0.0,0.5,0.0,0.0,0.6207294233007837
60,n02807133,1,0.75,2,0.0,0.0,0.5,0.0,0.0,0.5,0.20061372159126728,0.0,0.7966353381326177
69,n02892767,1,0.75,2,0.0,0.0,0.0,0.0,0.0,0.0,0.14589043848703334,0.0,0.1568381134607694
79,n03063338,1,0.75,2,0.0,0.0,0.0,0.0,0.0,0.0,0.349881891546301,0.0,0.4313875343616584
90,n03211117,1,0.75,2,0.0,0.0,0.5,0.0,0.0,0.5,0.26280381520288815,0.26280381520288815,0.7431350261279037
91,n03249569,1,0.75,2,0.0,0.0,0.0,0.0,0.0,0.0,0.016705675206677494,0.0,0.0
102,n03476991,1,0.75,2,0.0,0.0,1.0,0.0,0.0,1.0,0.04459826953091883,0.0,0.9313820899983917
107,n03513137,1,0.75,2,0.0,0.0,0.5,0.0,0.0,0.5,0.04537007137823769,0.0,0.46558062613869616
120,n03790512,1,0.75,2,0.0,0.0,0.5,0.0,0.0,0.5,0.15738766106765695,0.0,0.46252632268024263
134,n03991062,1,0.75,2,0.0,0.0,0.0,0.0,0.0,0.0,0.013784778579799883,0.0,0.3448119810970202
155,n04270147,1,0.75,2,0.0,0.0,0.0,0.0,0.0,0.0,0.003409234018237885,0.0,0.0
167,n04468005,1,0.75,2,1.0,1.0,1.0,1.0,0.0,0.0,0.8967094600569884,0.8967094600569884,0.8967094600569884
177,n04591157,1,0.75,2,0.0,0.0,1.0,0.0,0.0,1.0,0.004585307445545011,0.0,0.8151979782049446
14,n01944390,1,0.75,1,0.0,0.0,0.0,0.0,0.0,0.0,0.29314411399086193,0.29314411399086193,0.29314411399086193
52,n02764044,1,0.75,1,0.0,0.0,1.0,0.0,0.0,1.0,0.17398972387322303,0.0,0.8898284764124957
57,n02787622,1,0.75,1,0.0,0.0,0.0,0.0,0.0,0.0,0.29747822640320526,0.0,0.0
59,n02802426,1,0.75,1,0.0,0.0,1.0,0.0,0.0,1.0,0.0,0.0,0.8838805456805963
63,n02834778,1,0.75,1,1.0,1.0,1.0,1.0,0.0,0.0,0.9100209562325764,0.9100209562325764,0.9100209562325764
66,n02879718,1,0.75,1,0.0,0.0,0.0,0.0,0.0,0.0,0.4144636228596452,0.0,0.5882989444552366
73,n02970849,1,0.75,1,0.0,0.0,0.0,0.0,0.0,0.0,0.22255182027600198,0.0,0.6558999656736005
78,n03062245,1,0.75,1,0.0,0.0,1.0,0.0,0.0,1.0,0.26895446003063594,0.0,0.9295494537182882
80,n03085013,1,0.75,1,1.0,1.0,1.0,1.0,0.0,0.0,0.8085317158258537,0.8085317158258537,0.8085317158258537
89,n03207941,1,0.75,1,0.0,0.0,0.0,0.0,0.0,0.0,0.1535739436047825,0.0,0.0
92,n03255030,1,0.75,1,0.0,0.0,0.0,0.0,0.0,0.0,0.020803339053029068,0.0,0.020803339053029068
98,n03400231,1,0.75,1,0.0,0.0,0.0,0.0,0.0,0.0,0.3268485047909213,0.0,0.3268485047909213
101,n03467517,1,0.75,1,0.0,0.0,0.0,0.0,0.0,0.0,0.097011284270071,0.0,0.6964271613575521
114,n03710721,1,0.75,1,0.0,0.0,0.0,0.0,0.0,0.0,0.3240693789707395,0.0,0.0
119,n03770439,1,0.75,1,0.0,0.0,0.0,0.0,0.0,0.0,0.0,0.0,0.0
121,n03793489,1,0.75,1,0.0,0.0,1.0,0.0,0.0,1.0,0.0,0.0,0.8833672309983575
129,n03928116,1,0.75,1,0.0,0.0,0.0,0.0,0.0,0.0,0.1417608150271207,0.0,0.0
131,n03950228,1,0.75,1,0.0,0.0,0.0,0.0,0.0,0.0,0.20422383103136887,0.0,0.0
139,n04026417,1,0.75,1,0.0,0.0,1.0,0.0,0.0,1.0,0.15826915509776346,0.0,0.8343937626631067
140,n04039381,1,0.75,1,0.0,0.0,0.0,0.0,0.0,0.0,0.04775273617802223,0.0,0.7077217520430487
141,n04070727,1,0.75,1,0.0,0.0,0.0,0.0,0.0,0.0,0.3339844028889861,0.0,0.34330532928144947
144,n04118538,1,0.75,1,0.0,0.0,1.0,0.0,0.0,1.0,0.02460230753936712,0.0,0.9745391137071484
154,n04256520,1,0.75,1,0.0,0.0,1.0,0.0,0.0,1.0,0.2863766320937469,0.0,0.975398909758613
159,n04336792,1,0.75,1,0.0,0.0,0.0,0.0,0.0,0.0,0.24523037370616269,0.0,0.5979653330150376
168,n04487394,1,0.75,1,0.0,0.0,0.0,0.0,0.0,0.0,0.0,0.0,0.0
172,n04536866,1,0.75,1,0.0,0.0,0.0,0.0,0.0,0.0,0.4715051729738517,0.0,0.0
176,n04557648,1,0.75,1,0.0,0.0,1.0,0.0,0.0,1.0,0.0,0.0,0.8826718879947879
178,n04591713,1,0.75,1,0.0,0.0,0.0,0.0,0.0,0.0,0.0,0.0,0.0
42,n02437136,5,0.75,2,1.0,0.0,1.0,0.0,1.0,1.0,0.9406787482750099,0.0,0.9449309111053099
102,n03476991,5,0.75,2,1.0,0.0,1.0,0.0,1.0,1.0,0.9313820899983917,0.0,0.9473655612437852
120,n03790512,5,0.75,2,1.0,0.0,1.0,0.0,1.0,1.0,0.8922383226115714,0.0,0.8922383226115714
30,n02317335,5,0.75,1,1.0,0.0,1.0,0.0,1.0,1.0,0.951988321134231,0.0,0.951988321134231
32,n02342885,5,0.75,1,1.0,0.0,0.0,0.0,1.0,0.0,0.9680067333129979,0.0,0.0
38,n02398521,5,0.75,1,1.0,0.0,1.0,0.0,1.0,1.0,0.9204278446919448,0.0,0.9204278446919448
52,n02764044,5,0.75,1,1.0,0.0,1.0,0.0,1.0,1.0,0.8898284764124957,0.0,0.8898284764124957
78,n03062245,5,0.75,1,1.0,0.0,1.0,0.0,1.0,1.0,0.9295494537182882,0.0,0.9295494537182882
92,n03255030,5,0.75,1,1.0,0.0,1.0,0.0,1.0,1.0,0.8666303008278178,0.0,0.8666303008278178
95,n03337140,5,0.75,1,1.0,0.0,0.0,0.0,1.0,0.0,0.9722867411387086,0.0,0.0
139,n04026417,5,0.75,1,1.0,0.0,1.0,0.0,1.0,1.0,0.8343937626631067,0.0,0.9096251469412098
154,n04256520,5,0.75,1,1.0,0.0,1.0,0.0,1.0,1.0,0.975398909758613,0.0,0.975398909758613
16,n01990800,5,0.75,3,1.0,0.3333333333333333,1.0,0.3333333333333333,0.6666666666666667,0.6666666666666667,0.9464154222838118,0.3329585365703884,0.9464154222838118
164,n04392985,5,0.75,3,0.6666666666666666,0.0,0.3333333333333333,0.0,0.6666666666666666,0.3333333333333333,0.6431884163399101,0.0,0.3131970682762336
136,n04004767,5,0.75,5,0.6,0.0,0.0,0.0,0.6,0.0,0.5402291671225508,0.0,0.016768688934925738
67,n02880940,5,0.75,4,0.5,0.0,0.5,0.0,0.5,0.5,0.5887565592077282,0.11917803503388213,0.5878168850165099
12,n01882714,5,0.75,2,0.5,0.0,0.0,0.0,0.5,0.0,0.39250029451127766,0.0,0.31161280826483473
200,n07880968,5,0.75,2,0.5,0.0,0.5,0.0,0.5,0.5,0.47040012964779127,0.0,0.47040012964779127
58,n02799071,5,0.75,9,0.4444444444444444,0.0,0.0,0.0,0.4444444444444444,0.0,0.4253495787103027,0.0,0.0
142,n04074963,5,0.75,12,0.4166666666666667,0.0,0.4166666666666667,0.0,0.4166666666666667,0.4166666666666667,0.405197151392059,0.0,0.3943971453267476
47,n02503517,5,0.75,11,0.36363636363636365,0.0,0.0,0.0,0.36363636363636365,0.0,0.563046183806799,0.0,0.0
186,n07714571,5,0.75,18,0.3333333333333333,0.0,0.2222222222222222,0.0,0.3333333333333333,0.2222222222222222,0.3479151009583296,0.0,0.20927141808611183
10,n01776313,5,0.75,3,0.3333333333333333,0.0,0.3333333333333333,0.0,0.3333333333333333,0.3333333333333333,0.4636933160628052,0.0,0.4667057802255281
94,n03314780,5,0.75,3,0.3333333333333333,0.0,0.3333333333333333,0.0,0.3333333333333333,0.3333333333333333,0.6642355532937255,0.2675302573777056,0.6642355532937255
157,n04330267,5,0.75,3,0.3333333333333333,0.0,0.3333333333333333,0.0,0.3333333333333333,0.3333333333333333,0.467131626737711,0.0,0.5624889045829141
83,n03124170,5,0.75,8,0.5,0.25,0.25,0.5,0.25,0.0,0.5595840571055867,0.30379890774918183,0.30379890774918183
7,n01674464,5,0.75,4,1.0,0.75,1.0,0.75,0.25,0.25,0.9069064152518748,0.6827281262538459,0.9256605363172128
84,n03128519,5,0.75,4,0.5,0.25,0.5,0.5,0.25,0.25,0.790053276656203,0.24404125596503884,0.6734979901216324
179,n06874185,5,0.75,4,0.25,0.0,0.5,0.0,0.25,0.5,0.20745904583235114,0.0,0.4439571372562441
108,n03535780,5,0.75,6,0.16666666666666666,0.0,0.16666666666666666,0.0,0.16666666666666666,0.16666666666666666,0.1622573484228252,0.0,0.15531293430672255
160,n04356056,5,0.75,7,0.42857142857142855,0.2857142857142857,0.42857142857142855,0.6666666666666666,0.14285714285714285,0.14285714285714285,0.5827125381465965,0.4385623436599376,0.6857628591116631
54,n02769748,5,0.75,8,0.125,0.0,0.125,0.0,0.125,0.125,0.13920881634904972,0.0,0.19101260827873415
87,n03188531,5,0.75,11,0.09090909090909091,0.0,0.0,0.0,0.09090909090909091,0.0,0.15645279243388627,0.0,0.0
183,n07695742,5,0.75,11,0.09090909090909091,0.0,0.45454545454545453,0.0,0.09090909090909091,0.45454545454545453,0.17110506895957964,0.0,0.4037581526970293
4,n01503061,5,0.75,53,0.9056603773584906,0.8867924528301887,0.9245283018867925,0.9791666666666666,0.018867924528301883,0.037735849056603765,0.8515067647731734,0.8330432857420713,0.8666883223344557
19,n02084071,5,0.75,54,0.9629629629629629,0.9444444444444444,0.9629629629629629,0.9807692307692308,0.01851851851851849,0.01851851851851849,0.9249649347781274,0.907772816831521,0.9264312959496215
1,n00007846,5,0.75,122,0.6065573770491803,0.5983606557377049,0.6885245901639344,0.9864864864864865,0.008196721311475419,0.0901639344262295,0.6370951346170082,0.6237839604802948,0.6980557750466502
72,n02958343,5,0.75,30,0.6,0.6,0.7,1.0,0.0,0.09999999999999998,0.6281658710303906,0.6280770036733018,0.7127152178859002
76,n03001627,5,0.75,13,0.5384615384615384,0.5384615384615384,0.7692307692307693,1.0,0.0,0.23076923076923084,0.594708511514384,0.5222766869653727,0.7379829280448649
171,n04530566,5,0.75,11,0.45454545454545453,0.45454545454545453,0.45454545454545453,1.0,0.0,0.0,0.5282698573428862,0.5233330313971327,0.5256146305883482
18,n02076196,5,0.75,10,0.2,0.2,0.3,1.0,0.0,0.09999999999999998,0.22381683411177175,0.20387239514188354,0.3894059316072171
143,n04116512,5,0.75,10,0.0,0.0,0.0,0.0,0.0,0.0,0.02669918699314545,0.0,0.026322507988079547
39,n02402425,5,0.75,9,0.5555555555555556,0.5555555555555556,0.6666666666666666,1.0,0.0,0.11111111111111105,0.5603854130816046,0.5603854130816046,0.6391156102100722
111,n03636649,5,0.75,8,0.375,0.375,0.375,1.0,0.0,0.0,0.4015460602967056,0.3993958253757466,0.42662789818958696
29,n02274259,5,0.75,7,0.5714285714285714,0.5714285714285714,0.5714285714285714,1.0,0.0,0.0,0.7016783636578448,0.7016783636578448,0.7064081510517605
70,n02924116,5,0.75,7,0.42857142857142855,0.42857142857142855,0.7142857142857143,1.0,0.0,0.28571428571428575,0.43972153254888474,0.4282763134427133,0.7718426369155803
163,n04379243,5,0.75,7,0.7142857142857143,0.7142857142857143,0.8571428571428571,1.0,0.0,0.1428571428571428,0.7374531821848983,0.6790928104638223,0.9161269637636061
15,n01982650,5,0.75,6,0.3333333333333333,0.3333333333333333,0.3333333333333333,1.0,0.0,0.0,0.5143012546756757,0.5143012546756757,0.5143012546756757
192,n07745940,5,0.75,6,0.3333333333333333,0.3333333333333333,0.3333333333333333,1.0,0.0,0.0,0.33247955565198967,0.33247955565198967,0.6376361244997472
82,n03110669,5,0.75,5,0.0,0.0,0.2,0.0,0.0,0.2,0.3447629613725554,0.15073509066212434,0.41418394208939624
8,n01726692,5,0.75,4,0.5,0.5,0.75,1.0,0.0,0.25,0.6973145528555442,0.6973145528555442,0.8526871258151201
17,n02062744,5,0.75,4,0.25,0.25,0.25,1.0,0.0,0.0,0.733971333738519,0.733971333738519,0.733971333738519
46,n02484322,5,0.75,4,0.75,0.75,0.75,1.0,0.0,0.0,0.8720640857199591,0.8720640857199591,0.8783900426070642
62,n02828884,5,0.75,4,0.25,0.25,0.5,1.0,0.0,0.25,0.4294161266698166,0.24057188883478461,0.5577156552814792
118,n03764736,5,0.75,4,0.25,0.25,0.25,1.0,0.0,0.0,0.5039196267364705,0.35278908736533415,0.4976933853017992
125,n03838899,5,0.75,4,0.0,0.0,0.25,0.0,0.0,0.25,0.16334258499650153,0.0,0.19801345405564885
37,n02395003,5,0.75,3,1.0,1.0,1.0,1.0,0.0,0.0,0.9111489832912162,0.9111489832912162,0.9316866956783517
41,n02419796,5,0.75,3,1.0,1.0,1.0,1.0,0.0,0.0,0.91802248346883,0.91802248346883,0.9324994692758866
68,n02883205,5,0.75,3,0.0,0.0,0.0,0.0,0.0,0.0,0.21954770339736127,0.0,0.41276414763497526
96,n03372029,5,0.75,3,0.0,0.0,0.0,0.0,0.0,0.0,0.09433901155919978,0.0,0.24918542590030549
122,n03797390,5,0.75,3,0.0,0.0,0.3333333333333333,0.0,0.0,0.3333333333333333,0.36768249648390255,0.16225106705444664,0.6241934865150311
147,n04141076,5,0.75,3,0.0,0.0,0.0,0.0,0.0,0.0,0.004961568974783356,0.0,0.3723770515708831
6,n01662784,5,0.75,2,0.5,0.5,0.5,1.0,0.0,0.0,0.8130584531808898,0.8130584531808898,0.8130584531808898
26,n02206856,5,0.75,2,0.0,0.0,0.0,0.0,0.0,0.0,0.31082828265052387,0.0,0.31082828265052387
50,n02672831,5,0.75,2,0.5,0.5,0.5,1.0,0.0,0.0,0.5447610675221735,0.47558856206953126,0.49264127890936626
56,n02786058,5,0.75,2,0.5,0.5,0.5,1.0,0.0,0.0,0.6207294233007837,0.6207294233007837,0.6207294233007837
60,n02807133,5,0.75,2,1.0,1.0,1.0,1.0,0.0,0.0,0.8971849572226743,0.8971849572226743,0.9482693166676078
65,n02870880,5,0.75,2,0.5,0.5,1.0,1.0,0.0,0.5,0.5785382816772577,0.5785382816772577,0.9633972855488651
69,n02892767,5,0.75,2,0.0,0.0,0.0,0.0,0.0,0.0,0.28630023362400425,0.0,0.16458362525431358
79,n03063338,5,0.75,2,0.0,0.0,0.0,0.0,0.0,0.0,0.5649726690226309,0.0,0.6193883961570208
90,n03211117,5,0.75,2,0.5,0.5,0.5,1.0,0.0,0.0,0.7431350261279037,0.7431350261279037,0.840885263171858
91,n03249569,5,0.75,2,0.0,0.0,0.0,0.0,0.0,0.0,0.12083982947267269,0.0,0.0
107,n03513137,5,0.75,2,1.0,1.0,1.0,1.0,0.0,0.0,0.8974496681059448,0.8974496681059448,0.8974496681059448
134,n03991062,5,0.75,2,0.0,0.0,0.5,0.0,0.0,0.5,0.3448119810970202,0.3448119810970202,0.5892157014124398
155,n04270147,5,0.75,2,0.0,0.0,0.0,0.0,0.0,0.0,0.1770183141245508,0.0,0.0
167,n04468005,5,0.75,2,1.0,1.0,1.0,1.0,0.0,0.0,0.8967094600569884,0.8967094600569884,0.9150415316944853
177,n04591157,5,0.75,2,0.5,0.5,1.0,1.0,0.0,0.5,0.4130998710461088,0.4030289968075019,0.8151979782049446
2,n01443537,5,0.75,1,1.0,1.0,1.0,1.0,0.0,0.0,0.9743882613943584,0.9743882613943584,0.9743882613943584
14,n01944390,5,0.75,1,0.0,0.0,0.0,0.0,0.0,0.0,0.3508473875283513,0.29314411399086193,0.4572939351205526
21,n02121808,5,0.75,1,1.0,1.0,1.0,1.0,0.0,0.0,0.8715629008904011,0.8715629008904011,0.8715629008904011
57,n02787622,5,0.75,1,0.0,0.0,0.0,0.0,0.0,0.0,0.29747822640320526,0.0,0.0
59,n02802426,5,0.75,1,1.0,1.0,1.0,1.0,0.0,0.0,0.8838805456805963,0.8838805456805963,0.8838805456805963
63,n02834778,5,0.75,1,1.0,1.0,1.0,1.0,0.0,0.0,0.9100209562325764,0.9100209562325764,0.9100209562325764
66,n02879718,5,0.75,1,0.0,0.0,0.0,0.0,0.0,0.0,0.5882989444552366,0.0,0.738955049914277
73,n02970849,5,0.75,1,0.0,0.0,1.0,0.0,0.0,1.0,0.5026248079951356,0.0,0.8895178600555251
80,n03085013,5,0.75,1,1.0,1.0,1.0,1.0,0.0,0.0,0.8085317158258537,0.8085317158258537,0.8085317158258537
89,n03207941,5,0.75,1,0.0,0.0,0.0,0.0,0.0,0.0,0.5027352030652844,0.0,0.0
98,n03400231,5,0.75,1,0.0,0.0,0.0,0.0,0.0,0.0,0.3268485047909213,0.0,0.7382328927892681
101,n03467517,5,0.75,1,0.0,0.0,0.0,0.0,0.0,0.0,0.29387255200697576,0.0,0.6964271613575521
114,n03710721,5,0.75,1,0.0,0.0,0.0,0.0,0.0,0.0,0.3240693789707395,0.0,0.0
119,n03770439,5,0.75,1,0.0,0.0,0.0,0.0,0.0,0.0,0.06763910754993069,0.0,0.0
121,n03793489,5,0.75,1,1.0,1.0,1.0,1.0,0.0,0.0,0.8833672309983575,0.8833672309983575,0.8833672309983575
129,n03928116,5,0.75,1,0.0,0.0,0.0,0.0,0.0,0.0,0.1417608150271207,0.0,0.0
131,n03950228,5,0.75,1,0.0,0.0,0.0,0.0,0.0,0.0,0.6709892388983273,0.0,0.0
140,n04039381,5,0.75,1,0.0,0.0,0.0,0.0,0.0,0.0,0.7077217520430487,0.7077217520430487,0.7077217520430487
141,n04070727,5,0.75,1,0.0,0.0,0.0,0.0,0.0,0.0,0.34330532928144947,0.0,0.34330532928144947
144,n04118538,5,0.75,1,0.0,0.0,1.0,0.0,0.0,1.0,0.02460230753936712,0.0,0.9745391137071484
159,n04336792,5,0.75,1,0.0,0.0,0.0,0.0,0.0,0.0,0.24523037370616269,0.0,0.6060329415058284
168,n04487394,5,0.75,1,0.0,0.0,1.0,0.0,0.0,1.0,0.0,0.0,0.8009912367036934
172,n04536866,5,0.75,1,0.0,0.0,0.0,0.0,0.0,0.0,0.4715051729738517,0.0,0.0
176,n04557648,5,0.75,1,1.0,1.0,1.0,1.0,0.0,0.0,0.8826718879947879,0.8826718879947879,0.8826718879947879
178,n04591713,5,0.75,1,0.0,0.0,0.0,0.0,0.0,0.0,0.01019925872665648,0.0,0.0
164,n04392985,10,0.75,3,1.0,0.0,0.3333333333333333,0.0,1.0,0.3333333333333333,0.9309082059862472,0.0,0.3131970682762336
42,n02437136,10,0.75,2,1.0,0.0,1.0,0.0,1.0,1.0,0.9406787482750099,0.0,0.9449309111053099
120,n03790512,10,0.75,2,1.0,0.0,1.0,0.0,1.0,1.0,0.8922383226115714,0.0,0.8922383226115714
30,n02317335,10,0.75,1,1.0,0.0,1.0,0.0,1.0,1.0,0.951988321134231,0.0,0.951988321134231
32,n02342885,10,0.75,1,1.0,0.0,0.0,0.0,1.0,0.0,0.9680067333129979,0.0,0.0
38,n02398521,10,0.75,1,1.0,0.0,1.0,0.0,1.0,1.0,0.9204278446919448,0.0,0.9204278446919448
52,n02764044,10,0.75,1,1.0,0.0,1.0,0.0,1.0,1.0,0.8898284764124957,0.0,0.8898284764124957
78,n03062245,10,0.75,1,1.0,0.0,1.0,0.0,1.0,1.0,0.9295494537182882,0.0,0.9295494537182882
92,n03255030,10,0.75,1,1.0,0.0,1.0,0.0,1.0,1.0,0.8666303008278178,0.0,0.8666303008278178
95,n03337140,10,0.75,1,1.0,0.0,0.0,0.0,1.0,0.0,0.9722867411387086,0.0,0.0
129,n03928116,10,0.75,1,1.0,0.0,0.0,0.0,1.0,0.0,0.9383011797056067,0.0,0.0
139,n04026417,10,0.75,1,1.0,0.0,1.0,0.0,1.0,1.0,0.8343937626631067,0.0,0.9096251469412098
144,n04118538,10,0.75,1,1.0,0.0,1.0,0.0,1.0,1.0,0.9745391137071484,0.0,0.9745391137071484
136,n04004767,10,0.75,5,0.8,0.0,0.0,0.0,0.8,0.0,0.7334668238493924,0.0,0.016768688934925738
16,n01990800,10,0.75,3,1.0,0.3333333333333333,1.0,0.3333333333333333,0.6666666666666667,0.6666666666666667,0.9464154222838118,0.3329585365703884,0.9464154222838118
58,n02799071,10,0.75,9,0.6666666666666666,0.0,0.0,0.0,0.6666666666666666,0.0,0.6179431803306755,0.0,0.0
47,n02503517,10,0.75,11,0.6363636363636364,0.0,0.0,0.0,0.6363636363636364,0.0,0.7014026225248046,0.0,0.0
142,n04074963,10,0.75,12,0.5833333333333334,0.0,0.5833333333333334,0.0,0.5833333333333334,0.5833333333333334,0.5644937783628465,0.0,0.5546301809907624
186,n07714571,10,0.75,18,0.5555555555555556,0.0,0.2222222222222222,0.0,0.5555555555555556,0.2222222222222222,0.5820446413828284,0.0,0.20927141808611183
83,n03124170,10,0.75,8,0.75,0.25,0.25,0.3333333333333333,0.5,0.0,0.7645992947185308,0.30379890774918183,0.30379890774918183
67,n02880940,10,0.75,4,0.5,0.0,0.5,0.0,0.5,0.5,0.5887565592077282,0.11917803503388213,0.5878168850165099
179,n06874185,10,0.75,4,0.5,0.0,0.5,0.0,0.5,0.5,0.4446764970496908,0.0,0.4439571372562441
12,n01882714,10,0.75,2,0.5,0.0,0.0,0.0,0.5,0.0,0.7041131027761124,0.0,0.31161280826483473
102,n03476991,10,0.75,2,1.0,0.5,1.0,0.5,0.5,0.5,0.9379432972549905,0.4708044919537352,0.9473655612437852
200,n07880968,10,0.75,2,0.5,0.0,0.5,0.0,0.5,0.5,0.47040012964779127,0.0,0.47040012964779127
87,n03188531,10,0.75,11,0.45454545454545453,0.0,0.0,0.0,0.45454545454545453,0.0,0.46399937688979626,0.0,0.0
94,n03314780,10,0.75,3,0.3333333333333333,0.0,0.3333333333333333,0.0,0.3333333333333333,0.3333333333333333,0.6642355532937255,0.2675302573777056,0.6695400855457888
157,n04330267,10,0.75,3,0.3333333333333333,0.0,0.3333333333333333,0.0,0.3333333333333333,0.3333333333333333,0.5247629801305821,0.0,0.5624889045829141
54,n02769748,10,0.75,8,0.25,0.0,0.125,0.0,0.25,0.125,0.24679152453154057,0.0,0.19101260827873415
84,n03128519,10,0.75,4,0.5,0.25,0.75,0.5,0.25,0.5,0.790053276656203,0.604113399478199,0.856615274317517
82,n03110669,10,0.75,5,0.4,0.2,0.2,0.5,0.2,0.0,0.5727534577729093,0.41418394208939624,0.469792577782679
183,n07695742,10,0.75,11,0.18181818181818182,0.0,0.45454545454545453,0.0,0.18181818181818182,0.45454545454545453,0.30887609937485155,0.0,0.48101834241728497
108,n03535780,10,0.75,6,0.16666666666666666,0.0,0.16666666666666666,0.0,0.16666666666666666,0.16666666666666666,0.16929221700968736,0.0,0.15531293430672255
171,n04530566,10,0.75,11,0.5454545454545454,0.45454545454545453,0.5454545454545454,0.8333333333333334,0.09090909090909088,0.09090909090909088,0.6051979872962063,0.5233330313971327,0.5901875370259445
4,n01503061,10,0.75,53,0.9433962264150944,0.9245283018867925,0.9622641509433962,0.98,0.018867924528301883,0.037735849056603765,0.8848867387584987,0.8656454114552707,0.9033790929815848
1,n00007846,10,0.75,122,0.6885245901639344,0.680327868852459,0.7540983606557377,0.988095238095238,0.008196721311475419,0.07377049180327866,0.7155274357892183,0.7026797932048138,0.7626031986963498
19,n02084071,10,0.75,54,0.9629629629629629,0.9629629629629629,0.9629629629629629,1.0,0.0,0.0,0.9259272842841128,0.9249649347781274,0.9275665920907774
72,n02958343,10,0.75,30,0.6666666666666666,0.6666666666666666,0.7,1.0,0.0,0.033333333333333326,0.7390591718075173,0.7387290063472001,0.7574908907289299
76,n03001627,10,0.75,13,0.6923076923076923,0.6923076923076923,0.8461538461538461,1.0,0.0,0.15384615384615385,0.6760191991273421,0.657999395968774,0.8366149921837717
18,n02076196,10,0.75,10,0.3,0.3,0.5,1.0,0.0,0.2,0.44703380835234424,0.4430051308300394,0.6049710861283456
143,n04116512,10,0.75,10,0.0,0.0,0.1,0.0,0.0,0.1,0.02669918699314545,0.0,0.099911306844567
39,n02402425,10,0.75,9,0.7777777777777778,0.7777777777777778,0.7777777777777778,1.0,0.0,0.0,0.7353409480115968,0.7353409480115968,0.7445352864578934
111,n03636649,10,0.75,8,0.375,0.375,0.5,1.0,0.0,0.125,0.49721247544565383,0.49534673398727536,0.6587434633242891
29,n02274259,10,0.75,7,0.5714285714285714,0.5714285714285714,0.7142857142857143,1.0,0.0,0.1428571428571429,0.7030516403029338,0.7030516403029338,0.7477375702338166
70,n02924116,10,0.75,7,0.7142857142857143,0.7142857142857143,0.7142857142857143,1.0,0.0,0.0,0.6792211228825974,0.6792211228825974,0.7718426369155803
160,n04356056,10,0.75,7,0.42857142857142855,0.42857142857142855,0.42857142857142855,1.0,0.0,0.0,0.6386806221579869,0.6139874204324276,0.6857628591116631
163,n04379243,10,0.75,7,0.7142857142857143,0.7142857142857143,0.8571428571428571,1.0,0.0,0.1428571428571428,0.7792175138855129,0.6790928104638223,0.9161269637636061
15,n01982650,10,0.75,6,0.3333333333333333,0.3333333333333333,0.3333333333333333,1.0,0.0,0.0,0.5776680212484137,0.5143012546756757,0.5143012546756757
192,n07745940,10,0.75,6,0.3333333333333333,0.3333333333333333,0.5,1.0,0.0,0.16666666666666669,0.6376361244997472,0.6376361244997472,0.7490655205614525
7,n01674464,10,0.75,4,1.0,1.0,1.0,1.0,0.0,0.0,0.9069064152518748,0.9069064152518748,0.9256605363172128
8,n01726692,10,0.75,4,0.5,0.5,0.75,1.0,0.0,0.25,0.6973145528555442,0.6973145528555442,0.8526871258151201
17,n02062744,10,0.75,4,0.25,0.25,0.5,1.0,0.0,0.25,0.733971333738519,0.733971333738519,0.7401131472181953
46,n02484322,10,0.75,4,0.75,0.75,0.75,1.0,0.0,0.0,0.8720640857199591,0.8720640857199591,0.8783900426070642
62,n02828884,10,0.75,4,0.25,0.25,0.5,1.0,0.0,0.25,0.498794447893409,0.24057188883478461,0.5577156552814792
118,n03764736,10,0.75,4,0.25,0.25,0.25,1.0,0.0,0.0,0.6488239246729356,0.4976933853017992,0.4976933853017992
125,n03838899,10,0.75,4,0.0,0.0,0.25,0.0,0.0,0.25,0.3074254185558588,0.1774347723416359,0.19801345405564885
10,n01776313,10,0.75,3,0.3333333333333333,0.3333333333333333,0.3333333333333333,1.0,0.0,0.0,0.4636933160628052,0.3171927876195143,0.5047467930647781
37,n02395003,10,0.75,3,1.0,1.0,1.0,1.0,0.0,0.0,0.9111489832912162,0.9111489832912162,0.9372979271585548
41,n02419796,10,0.75,3,1.0,1.0,1.0,1.0,0.0,0.0,0.9194234636796751,0.91802248346883,0.9324994692758866
68,n02883205,10,0.75,3,0.0,0.0,0.0,0.0,0.0,0.0,0.21954770339736127,0.20616427892518832,0.41276414763497526
96,n03372029,10,0.75,3,0.0,0.0,0.0,0.0,0.0,0.0,0.24580233691843514,0.0,0.24918542590030549
122,n03797390,10,0.75,3,0.0,0.0,0.3333333333333333,0.0,0.0,0.3333333333333333,0.36768249648390255,0.3600114531466787,0.6241934865150311
147,n04141076,10,0.75,3,0.0,0.0,0.3333333333333333,0.0,0.0,0.3333333333333333,0.2169875184563758,0.0,0.4689114357688749
6,n01662784,10,0.75,2,0.5,0.5,0.5,1.0,0.0,0.0,0.8130584531808898,0.8130584531808898,0.8133059460320997
26,n02206856,10,0.75,2,0.0,0.0,0.0,0.0,0.0,0.0,0.31082828265052387,0.0,0.31082828265052387
50,n02672831,10,0.75,2,0.5,0.5,0.5,1.0,0.0,0.0,0.5447610675221735,0.47558856206953126,0.49264127890936626
56,n02786058,10,0.75,2,0.5,0.5,0.5,1.0,0.0,0.0,0.6207294233007837,0.6207294233007837,0.6207294233007837
60,n02807133,10,0.75,2,1.0,1.0,1.0,1.0,0.0,0.0,0.8971849572226743,0.8971849572226743,0.9482693166676078
65,n02870880,10,0.75,2,0.5,0.5,1.0,1.0,0.0,0.5,0.5785382816772577,0.5785382816772577,0.9633972855488651
69,n02892767,10,0.75,2,0.0,0.0,0.0,0.0,0.0,0.0,0.28630023362400425,0.0,0.16458362525431358
79,n03063338,10,0.75,2,0.0,0.0,0.5,0.0,0.0,0.5,0.6193883961570208,0.0,0.745643616931975
90,n03211117,10,0.75,2,0.5,0.5,0.5,1.0,0.0,0.0,0.7431350261279037,0.7431350261279037,0.840885263171858
91,n03249569,10,0.75,2,0.0,0.0,0.0,0.0,0.0,0.0,0.15571937650542259,0.0,0.0
107,n03513137,10,0.75,2,1.0,1.0,1.0,1.0,0.0,0.0,0.8974496681059448,0.8974496681059448,0.9049894638698874
134,n03991062,10,0.75,2,0.0,0.0,0.5,0.0,0.0,0.5,0.3448119810970202,0.3448119810970202,0.5892157014124398
155,n04270147,10,0.75,2,0.0,0.0,0.0,0.0,0.0,0.0,0.1770183141245508,0.0,0.0
167,n04468005,10,0.75,2,1.0,1.0,1.0,1.0,0.0,0.0,0.8967094600569884,0.8967094600569884,0.9150415316944853
177,n04591157,10,0.75,2,0.5,0.5,1.0,1.0,0.0,0.5,0.4130998710461088,0.4030289968075019,0.8151979782049446
2,n01443537,10,0.75,1,1.0,1.0,1.0,1.0,0.0,0.0,0.9743882613943584,0.9743882613943584,0.9743882613943584
14,n01944390,10,0.75,1,0.0,0.0,0.0,0.0,0.0,0.0,0.4242695410141061,0.29314411399086193,0.4572939351205526
21,n02121808,10,0.75,1,1.0,1.0,1.0,1.0,0.0,0.0,0.8715629008904011,0.8715629008904011,0.8715629008904011
57,n02787622,10,0.75,1,0.0,0.0,0.0,0.0,0.0,0.0,0.29747822640320526,0.0,0.0
59,n02802426,10,0.75,1,1.0,1.0,1.0,1.0,0.0,0.0,0.8838805456805963,0.8838805456805963,0.8838805456805963
63,n02834778,10,0.75,1,1.0,1.0,1.0,1.0,0.0,0.0,0.9100209562325764,0.9100209562325764,0.9160295551453146
66,n02879718,10,0.75,1,0.0,0.0,0.0,0.0,0.0,0.0,0.5882989444552366,0.0,0.738955049914277
73,n02970849,10,0.75,1,0.0,0.0,1.0,0.0,0.0,1.0,0.5026248079951356,0.0,0.9024976336242317
80,n03085013,10,0.75,1,1.0,1.0,1.0,1.0,0.0,0.0,0.8085317158258537,0.8085317158258537,0.835429325190052
89,n03207941,10,0.75,1,0.0,0.0,0.0,0.0,0.0,0.0,0.5027352030652844,0.0,0.0
98,n03400231,10,0.75,1,0.0,0.0,0.0,0.0,0.0,0.0,0.3268485047909213,0.0,0.7382328927892681
101,n03467517,10,0.75,1,0.0,0.0,0.0,0.0,0.0,0.0,0.6964271613575521,0.0,0.6964271613575521
114,n03710721,10,0.75,1,0.0,0.0,0.0,0.0,0.0,0.0,0.3240693789707395,0.0,0.0
119,n03770439,10,0.75,1,0.0,0.0,0.0,0.0,0.0,0.0,0.06763910754993069,0.0,0.0
121,n03793489,10,0.75,1,1.0,1.0,1.0,1.0,0.0,0.0,0.8833672309983575,0.8833672309983575,0.8833672309983575
131,n03950228,10,0.75,1,0.0,0.0,0.0,0.0,0.0,0.0,0.6709892388983273,0.0,0.0
140,n04039381,10,0.75,1,0.0,0.0,0.0,0.0,0.0,0.0,0.7077217520430487,0.7077217520430487,0.7077217520430487
141,n04070727,10,0.75,1,0.0,0.0,0.0,0.0,0.0,0.0,0.34330532928144947,0.0,0.34330532928144947
154,n04256520,10,0.75,1,1.0,1.0,1.0,1.0,0.0,0.0,0.975398909758613,0.975398909758613,0.975398909758613
159,n04336792,10,0.75,1,0.0,0.0,1.0,0.0,0.0,1.0,0.6060329415058284,0.6060329415058284,0.9198766587272061
168,n04487394,10,0.75,1,0.0,0.0,1.0,0.0,0.0,1.0,0.4258195136217649,0.0,0.8009912367036934
172,n04536866,10,0.75,1,0.0,0.0,0.0,0.0,0.0,0.0,0.4715051729738517,0.0,0.0
176,n04557648,10,0.75,1,1.0,1.0,1.0,1.0,0.0,0.0,0.8826718879947879,0.8826718879947879,0.8826718879947879
178,n04591713,10,0.75,1,0.0,0.0,0.0,0.0,0.0,0.0,0.01019925872665648,0.0,0.0
136,n04004767,50,0.75,5,1.0,0.0,0.0,0.0,1.0,0.0,0.91645907324173,0.0,0.016768688934925738
79,n03063338,50,0.75,2,1.0,0.0,0.5,0.0,1.0,0.5,0.9316117770761713,0.4313875343616584,0.745643616931975
120,n03790512,50,0.75,2,1.0,0.0,1.0,0.0,1.0,1.0,0.8989339455254418,0.0,0.8922383226115714
14,n01944390,50,0.75,1,1.0,0.0,0.0,0.0,1.0,0.0,0.8202993183329141,0.29314411399086193,0.4572939351205526
32,n02342885,50,0.75,1,1.0,0.0,0.0,0.0,1.0,0.0,0.9680067333129979,0.0,0.0
38,n02398521,50,0.75,1,1.0,0.0,1.0,0.0,1.0,1.0,0.9204278446919448,0.0,0.9204278446919448
78,n03062245,50,0.75,1,1.0,0.0,1.0,0.0,1.0,1.0,0.9770675272130241,0.0,0.9295494537182882
89,n03207941,50,0.75,1,1.0,0.0,0.0,0.0,1.0,0.0,0.8524055460382199,0.0,0.0
92,n03255030,50,0.75,1,1.0,0.0,1.0,0.0,1.0,1.0,0.8666303008278178,0.0,0.8666303008278178
95,n03337140,50,0.75,1,1.0,0.0,0.0,0.0,1.0,0.0,0.9775867448428638,0.0,0.0
98,n03400231,50,0.75,1,1.0,0.0,0.0,0.0,1.0,0.0,0.9179700508295745,0.0,0.7382328927892681
101,n03467517,50,0.75,1,1.0,0.0,0.0,0.0,1.0,0.0,0.9632017697580851,0.6964271613575521,0.6964271613575521
129,n03928116,50,0.75,1,1.0,0.0,0.0,0.0,1.0,0.0,0.9383011797056067,0.0,0.0
131,n03950228,50,0.75,1,1.0,0.0,0.0,0.0,1.0,0.0,0.7866415960918143,0.0,0.0
141,n04070727,50,0.75,1,1.0,0.0,0.0,0.0,1.0,0.0,0.751555487357341,0.0,0.34330532928144947
168,n04487394,50,0.75,1,1.0,0.0,1.0,0.0,1.0,1.0,0.8009912367036934,0.01889099107106382,0.8009912367036934
87,n03188531,50,0.75,11,0.9090909090909091,0.0,0.0,0.0,0.9090909090909091,0.0,0.8388530670732233,0.0,0.0
186,n07714571,50,0.75,18,0.8888888888888888,0.0,0.2222222222222222,0.0,0.8888888888888888,0.2222222222222222,0.8439080788799703,0.0,0.20927141808611183
47,n02503517,50,0.75,11,0.8181818181818182,0.0,0.0,0.0,0.8181818181818182,0.0,0.8043911695683512,0.0,0.0
58,n02799071,50,0.75,9,0.7777777777777778,0.0,0.0,0.0,0.7777777777777778,0.0,0.7250436122849879,0.0,0.0
164,n04392985,50,0.75,3,1.0,0.3333333333333333,0.3333333333333333,0.3333333333333333,0.6666666666666667,0.0,0.9342970514213818,0.3131970682762336,0.3131970682762336
157,n04330267,50,0.75,3,0.6666666666666666,0.0,0.3333333333333333,0.0,0.6666666666666666,0.3333333333333333,0.7322184443349951,0.18741263712321765,0.5624889045829141
183,n07695742,50,0.75,11,0.5454545454545454,0.0,0.45454545454545453,0.0,0.5454545454545454,0.45454545454545453,0.708389517781122,0.0,0.48101834241728497
83,n03124170,50,0.75,8,0.75,0.25,0.25,0.3333333333333333,0.5,0.0,0.819533907744553,0.30379890774918183,0.30379890774918183
84,n03128519,50,0.75,4,0.75,0.25,0.75,0.3333333333333333,0.5,0.5,0.856615274317517,0.604113399478199,0.856615274317517
12,n01882714,50,0.75,2,0.5,0.0,0.0,0.0,0.5,0.0,0.7048202798184717,0.0,0.31161280826483473
42,n02437136,50,0.75,2,1.0,0.5,1.0,0.5,0.5,0.5,0.9481297244347606,0.46670292979224876,0.9449309111053099
91,n03249569,50,0.75,2,0.5,0.0,0.0,0.0,0.5,0.0,0.508852437895434,0.0,0.0
200,n07880968,50,0.75,2,0.5,0.0,0.5,0.0,0.5,0.5,0.6492983736128031,0.0,0.47040012964779127
94,n03314780,50,0.75,3,0.3333333333333333,0.0,0.3333333333333333,0.0,0.3333333333333333,0.3333333333333333,0.6642355532937255,0.5044936460162754,0.6695400855457888
122,n03797390,50,0.75,3,0.3333333333333333,0.0,0.3333333333333333,0.0,0.3333333333333333,0.3333333333333333,0.6241934865150311,0.3600114531466787,0.6241934865150311
147,n04141076,50,0.75,3,0.3333333333333333,0.0,0.3333333333333333,0.0,0.3333333333333333,0.3333333333333333,0.4631601364398726,0.15915851884010285,0.4689114357688749
8,n01726692,50,0.75,4,0.75,0.5,0.75,0.6666666666666666,0.25,0.25,0.8463823040081149,0.6995947675688143,0.8579088621009583
62,n02828884,50,0.75,4,0.5,0.25,0.75,0.5,0.25,0.5,0.6222828852533527,0.24536008275206683,0.7722900323819875
67,n02880940,50,0.75,4,0.5,0.25,0.5,0.5,0.25,0.25,0.5933671515406466,0.3626846095383164,0.5878168850165099
179,n06874185,50,0.75,4,0.5,0.25,0.5,0.5,0.25,0.25,0.4446764970496908,0.2377717618354221,0.4439571372562441
82,n03110669,50,0.75,5,0.4,0.2,0.2,0.5,0.2,0.0,0.5727534577729093,0.41418394208939624,0.469792577782679
142,n04074963,50,0.75,12,0.5833333333333334,0.4166666666666667,0.5833333333333334,0.7142857142857143,0.16666666666666669,0.16666666666666669,0.6581280042200132,0.3943971453267476,0.5546301809907624
108,n03535780,50,0.75,6,0.16666666666666666,0.0,0.16666666666666666,0.0,0.16666666666666666,0.16666666666666666,0.1765607733044745,0.0,0.15531293430672255
54,n02769748,50,0.75,8,0.25,0.125,0.125,0.5,0.125,0.0,0.37747424864731527,0.18934006837571343,0.19511400978789495
171,n04530566,50,0.75,11,0.6363636363636364,0.5454545454545454,0.5454545454545454,0.8571428571428571,0.09090909090909094,0.0,0.6590893213485173,0.5757187417322283,0.6047310588646537
4,n01503061,50,0.75,53,0.9622641509433962,0.9433962264150944,0.9622641509433962,0.9803921568627451,0.018867924528301883,0.018867924528301883,0.9019099775268398,0.8834778923582571,0.903892427977904
1,n00007846,50,0.75,122,0.7459016393442623,0.7377049180327869,0.7950819672131147,0.989010989010989,0.008196721311475419,0.05737704918032782,0.7840879689112185,0.7615790826406681,0.8190894508904513
19,n02084071,50,0.75,54,0.9629629629629629,0.9629629629629629,0.9629629629629629,1.0,0.0,0.0,0.9275141967022172,0.925806593246101,0.9282688901666136
72,n02958343,50,0.75,30,0.7333333333333333,0.7333333333333333,0.8,1.0,0.0,0.06666666666666676,0.8293030568906217,0.8290617587873931,0.836639544778144
76,n03001627,50,0.75,13,0.8461538461538461,0.8461538461538461,0.8461538461538461,1.0,0.0,0.0,0.8723390670675975,0.8366149921837717,0.8386710290645046
18,n02076196,50,0.75,10,0.5,0.5,0.6,1.0,0.0,0.09999999999999998,0.7089994966887307,0.6049710861283456,0.6721556197024707
143,n04116512,50,0.75,10,0.0,0.0,0.1,0.0,0.0,0.1,0.03731146828343435,0.026322507988079547,0.099911306844567
39,n02402425,50,0.75,9,0.7777777777777778,0.7777777777777778,0.7777777777777778,1.0,0.0,0.0,0.8165187425934441,0.7430232755325282,0.7793314442615383
111,n03636649,50,0.75,8,0.375,0.375,0.5,1.0,0.0,0.125,0.5758654581273556,0.5739997166689772,0.6978711978693204
29,n02274259,50,0.75,7,0.7142857142857143,0.7142857142857143,0.7142857142857143,1.0,0.0,0.0,0.7477308930754657,0.74438105948499,0.7477375702338166
70,n02924116,50,0.75,7,0.7142857142857143,0.7142857142857143,0.7142857142857143,1.0,0.0,0.0,0.7718426369155803,0.7718426369155803,0.7718426369155803
160,n04356056,50,0.75,7,0.42857142857142855,0.42857142857142855,0.5714285714285714,1.0,0.0,0.14285714285714285,0.6857628591116631,0.6857628591116631,0.7014382964944039
163,n04379243,50,0.75,7,0.8571428571428571,0.8571428571428571,0.8571428571428571,1.0,0.0,0.0,0.9161269637636061,0.9161269637636061,0.9161269637636061
15,n01982650,50,0.75,6,0.3333333333333333,0.3333333333333333,0.3333333333333333,1.0,0.0,0.0,0.6022136969791523,0.6022136969791523,0.6755743823246596
192,n07745940,50,0.75,6,0.5,0.5,0.8333333333333334,1.0,0.0,0.33333333333333337,0.7490655205614525,0.7490655205614525,0.8000213816329116
7,n01674464,50,0.75,4,1.0,1.0,1.0,1.0,0.0,0.0,0.9256605363172128,0.9256605363172128,0.9293999731639274
17,n02062744,50,0.75,4,0.25,0.25,0.5,1.0,0.0,0.25,0.733971333738519,0.733971333738519,0.742831483685357
46,n02484322,50,0.75,4,0.75,0.75,0.75,1.0,0.0,0.0,0.8825478465480381,0.8783900426070642,0.8838122138998594
118,n03764736,50,0.75,4,0.25,0.25,0.25,1.0,0.0,0.0,0.6714940852220816,0.4976933853017992,0.4976933853017992
125,n03838899,50,0.75,4,0.25,0.25,0.25,1.0,0.0,0.0,0.3447758993153735,0.19801345405564885,0.19801345405564885
10,n01776313,50,0.75,3,0.3333333333333333,0.3333333333333333,0.3333333333333333,1.0,0.0,0.0,0.5067694730349618,0.4636933160628052,0.5047467930647781
16,n01990800,50,0.75,3,1.0,1.0,1.0,1.0,0.0,0.0,0.9464154222838118,0.9464154222838118,0.9464154222838118
37,n02395003,50,0.75,3,1.0,1.0,1.0,1.0,0.0,0.0,0.9372979271585548,0.9316866956783517,0.9372979271585548
41,n02419796,50,0.75,3,1.0,1.0,1.0,1.0,0.0,0.0,0.9324994692758866,0.9194234636796751,0.9324994692758866
68,n02883205,50,0.75,3,0.0,0.0,0.0,0.0,0.0,0.0,0.5809189816971824,0.41276414763497526,0.41276414763497526
96,n03372029,50,0.75,3,0.0,0.0,0.0,0.0,0.0,0.0,0.6889491288066164,0.0,0.24918542590030549
6,n01662784,50,0.75,2,0.5,0.5,0.5,1.0,0.0,0.0,0.8130584531808898,0.8130584531808898,0.8133059460320997
26,n02206856,50,0.75,2,0.0,0.0,0.0,0.0,0.0,0.0,0.41342380814974805,0.31082828265052387,0.31082828265052387
50,n02672831,50,0.75,2,0.5,0.5,0.5,1.0,0.0,0.0,0.7974106996045764,0.47558856206953126,0.49264127890936626
56,n02786058,50,0.75,2,0.5,0.5,0.5,1.0,0.0,0.0,0.6207294233007837,0.6207294233007837,0.6207294233007837
60,n02807133,50,0.75,2,1.0,1.0,1.0,1.0,0.0,0.0,0.9482693166676078,0.9482693166676078,0.9482693166676078
65,n02870880,50,0.75,2,1.0,1.0,1.0,1.0,0.0,0.0,0.9633972855488651,0.9633972855488651,0.9633972855488651
69,n02892767,50,0.75,2,0.0,0.0,0.0,0.0,0.0,0.0,0.2972479085977403,0.1568381134607694,0.16458362525431358
90,n03211117,50,0.75,2,0.5,0.5,0.5,1.0,0.0,0.0,0.7431350261279037,0.7431350261279037,0.840885263171858
102,n03476991,50,0.75,2,1.0,1.0,1.0,1.0,0.0,0.0,0.9473655612437852,0.9313820899983917,0.9473655612437852
107,n03513137,50,0.75,2,1.0,1.0,1.0,1.0,0.0,0.0,0.8974496681059448,0.8974496681059448,0.9049894638698874
134,n03991062,50,0.75,2,0.0,0.0,0.5,0.0,0.0,0.5,0.5148408156226013,0.3448119810970202,0.5892157014124398
155,n04270147,50,0.75,2,0.0,0.0,0.0,0.0,0.0,0.0,0.1770183141245508,0.0,0.0
167,n04468005,50,0.75,2,1.0,1.0,1.0,1.0,0.0,0.0,0.9150415316944853,0.9150415316944853,0.9150415316944853
177,n04591157,50,0.75,2,1.0,1.0,1.0,1.0,0.0,0.0,0.8151979782049446,0.8151979782049446,0.8151979782049446
2,n01443537,50,0.75,1,1.0,1.0,1.0,1.0,0.0,0.0,0.9743882613943584,0.9743882613943584,0.9743882613943584
21,n02121808,50,0.75,1,1.0,1.0,1.0,1.0,0.0,0.0,0.8715629008904011,0.8715629008904011,0.8715629008904011
30,n02317335,50,0.75,1,1.0,1.0,1.0,1.0,0.0,0.0,0.951988321134231,0.951988321134231,0.951988321134231
52,n02764044,50,0.75,1,1.0,1.0,1.0,1.0,0.0,0.0,0.8898284764124957,0.8898284764124957,0.8898284764124957
57,n02787622,50,0.75,1,0.0,0.0,0.0,0.0,0.0,0.0,0.29747822640320526,0.0,0.0
59,n02802426,50,0.75,1,1.0,1.0,1.0,1.0,0.0,0.0,0.8838805456805963,0.8838805456805963,0.8838805456805963
63,n02834778,50,0.75,1,1.0,1.0,1.0,1.0,0.0,0.0,0.9100209562325764,0.9100209562325764,0.9160295551453146
66,n02879718,50,0.75,1,0.0,0.0,0.0,0.0,0.0,0.0,0.738955049914277,0.0,0.738955049914277
73,n02970849,50,0.75,1,1.0,1.0,1.0,1.0,0.0,0.0,0.8895178600555251,0.8895178600555251,0.9024976336242317
80,n03085013,50,0.75,1,1.0,1.0,1.0,1.0,0.0,0.0,0.8085317158258537,0.8085317158258537,0.835429325190052
114,n03710721,50,0.75,1,0.0,0.0,0.0,0.0,0.0,0.0,0.3240693789707395,0.0,0.0
119,n03770439,50,0.75,1,0.0,0.0,0.0,0.0,0.0,0.0,0.06763910754993069,0.0,0.0
121,n03793489,50,0.75,1,1.0,1.0,1.0,1.0,0.0,0.0,0.8833672309983575,0.8833672309983575,0.8833672309983575
139,n04026417,50,0.75,1,1.0,1.0,1.0,1.0,0.0,0.0,0.9096251469412098,0.9096251469412098,0.9096251469412098
140,n04039381,50,0.75,1,0.0,0.0,0.0,0.0,0.0,0.0,0.7077217520430487,0.7077217520430487,0.7077217520430487
144,n04118538,50,0.75,1,1.0,1.0,1.0,1.0,0.0,0.0,0.9745391137071484,0.9745391137071484,0.9745391137071484
154,n04256520,50,0.75,1,1.0,1.0,1.0,1.0,0.0,0.0,0.975398909758613,0.975398909758613,0.975398909758613
159,n04336792,50,0.75,1,0.0,0.0,1.0,0.0,0.0,1.0,0.6691129782688641,0.6691129782688641,0.9198766587272061
172,n04536866,50,0.75,1,0.0,0.0,0.0,0.0,0.0,0.0,0.719386144398935,0.0,0.0
176,n04557648,50,0.75,1,1.0,1.0,1.0,1.0,0.0,0.0,0.8826718879947879,0.8826718879947879,0.8826718879947879
178,n04591713,50,0.75,1,0.0,0.0,0.0,0.0,0.0,0.0,0.01019925872665648,0.0,0.0
87,n03188531,100,0.75,11,1.0,0.0,0.0,0.0,1.0,0.0,0.919151317512786,0.0,0.0
136,n04004767,100,0.75,5,1.0,0.0,0.0,0.0,1.0,0.0,0.91645907324173,0.0,0.016768688934925738
79,n03063338,100,0.75,2,1.0,0.0,0.5,0.0,1.0,0.5,0.9629087896937869,0.6193883961570208,0.745643616931975
14,n01944390,100,0.75,1,1.0,0.0,0.0,0.0,1.0,0.0,0.8202993183329141,0.4572939351205526,0.4572939351205526
32,n02342885,100,0.75,1,1.0,0.0,0.0,0.0,1.0,0.0,0.9680067333129979,0.0,0.0
38,n02398521,100,0.75,1,1.0,0.0,1.0,0.0,1.0,1.0,0.9204278446919448,0.0,0.9204278446919448
89,n03207941,100,0.75,1,1.0,0.0,0.0,0.0,1.0,0.0,0.8524055460382199,0.0,0.0
95,n03337140,100,0.75,1,1.0,0.0,0.0,0.0,1.0,0.0,0.9775867448428638,0.0,0.0
98,n03400231,100,0.75,1,1.0,0.0,0.0,0.0,1.0,0.0,0.9179700508295745,0.0,0.7382328927892681
101,n03467517,100,0.75,1,1.0,0.0,0.0,0.0,1.0,0.0,0.9632017697580851,0.6964271613575521,0.6964271613575521
129,n03928116,100,0.75,1,1.0,0.0,0.0,0.0,1.0,0.0,0.9383011797056067,0.0,0.0
131,n03950228,100,0.75,1,1.0,0.0,0.0,0.0,1.0,0.0,0.7866415960918143,0.0,0.0
141,n04070727,100,0.75,1,1.0,0.0,0.0,0.0,1.0,0.0,0.751555487357341,0.0,0.34330532928144947
168,n04487394,100,0.75,1,1.0,0.0,1.0,0.0,1.0,1.0,0.8009912367036934,0.01889099107106382,0.8009912367036934
47,n02503517,100,0.75,11,0.9090909090909091,0.0,0.0,0.0,0.9090909090909091,0.0,0.8178403141355127,0.0,0.0
58,n02799071,100,0.75,9,0.8888888888888888,0.0,0.0,0.0,0.8888888888888888,0.0,0.8092519211361006,0.0,0.0
186,n07714571,100,0.75,18,0.8888888888888888,0.05555555555555555,0.2222222222222222,0.0625,0.8333333333333333,0.16666666666666666,0.8444312589430775,0.05950004895148543,0.20927141808611183
164,n04392985,100,0.75,3,1.0,0.3333333333333333,0.3333333333333333,0.3333333333333333,0.6666666666666667,0.0,0.9342970514213818,0.3131970682762336,0.3131970682762336
94,n03314780,100,0.75,3,0.6666666666666666,0.0,0.3333333333333333,0.0,0.6666666666666666,0.3333333333333333,0.8053258979240739,0.5044936460162754,0.6695400855457888
83,n03124170,100,0.75,8,0.75,0.25,0.25,0.3333333333333333,0.5,0.0,0.819533907744553,0.30379890774918183,0.30379890774918183
62,n02828884,100,0.75,4,0.75,0.25,0.75,0.3333333333333333,0.5,0.5,0.7978784129534269,0.24536008275206683,0.7722900323819875
6,n01662784,100,0.75,2,1.0,0.5,0.5,0.5,0.5,0.0,0.8597766721221508,0.8133059460320997,0.8133059460320997
12,n01882714,100,0.75,2,0.5,0.0,0.0,0.0,0.5,0.0,0.705982580408898,0.0,0.31161280826483473
26,n02206856,100,0.75,2,0.5,0.0,0.0,0.0,0.5,0.0,0.5191065838952924,0.31082828265052387,0.31082828265052387
42,n02437136,100,0.75,2,1.0,0.5,1.0,0.5,0.5,0.5,0.9481297244347606,0.46670292979224876,0.9449309111053099
91,n03249569,100,0.75,2,0.5,0.0,0.0,0.0,0.5,0.0,0.7349029650051775,0.0,0.0
120,n03790512,100,0.75,2,1.0,0.5,1.0,0.5,0.5,0.5,0.899978946910913,0.4297119999313288,0.8922383226115714
200,n07880968,100,0.75,2,0.5,0.0,0.5,0.0,0.5,0.5,0.7793827618208031,0.0,0.47040012964779127
183,n07695742,100,0.75,11,0.6363636363636364,0.18181818181818182,0.45454545454545453,0.28571428571428575,0.45454545454545453,0.2727272727272727,0.7507139309514371,0.17303786101674667,0.48101834241728497
122,n03797390,100,0.75,3,0.6666666666666666,0.3333333333333333,0.3333333333333333,0.5,0.3333333333333333,0.0,0.774409662811041,0.6241934865150311,0.6241934865150311
157,n04330267,100,0.75,3,0.6666666666666666,0.3333333333333333,0.3333333333333333,0.5,0.3333333333333333,0.0,0.7675378197516595,0.46089717213152354,0.5624889045829141
54,n02769748,100,0.75,8,0.375,0.125,0.125,0.3333333333333333,0.25,0.0,0.5292119973872605,0.18934006837571343,0.19511400978789495
84,n03128519,100,0.75,4,0.75,0.5,0.75,0.6666666666666666,0.25,0.25,0.856615274317517,0.790053276656203,0.856615274317517
82,n03110669,100,0.75,5,0.4,0.2,0.2,0.5,0.2,0.0,0.628362093466192,0.4611757230584341,0.469792577782679
108,n03535780,100,0.75,6,0.16666666666666666,0.0,0.16666666666666666,0.0,0.16666666666666666,0.16666666666666666,0.18169794917348403,0.0,0.15531293430672255
70,n02924116,100,0.75,7,0.8571428571428571,0.7142857142857143,0.7142857142857143,0.8333333333333334,0.1428571428571428,0.0,0.7830559026123262,0.7718426369155803,0.7718426369155803
171,n04530566,100,0.75,11,0.6363636363636364,0.5454545454545454,0.5454545454545454,0.8571428571428571,0.09090909090909094,0.0,0.6714499323409742,0.5946838369973404,0.6047310588646537
142,n04074963,100,0.75,12,0.5833333333333334,0.5,0.5833333333333334,0.8571428571428571,0.08333333333333337,0.08333333333333337,0.7021828859780245,0.4743478315012184,0.5546301809907624
4,n01503061,100,0.75,53,0.9622641509433962,0.9433962264150944,0.9622641509433962,0.9803921568627451,0.018867924528301883,0.018867924528301883,0.9044281080549277,0.8868901137654966,0.903892427977904
1,n00007846,100,0.75,122,0.7868852459016393,0.7786885245901639,0.7950819672131147,0.9895833333333334,0.008196721311475419,0.016393442622950838,0.8196501383435363,0.8045203173792674,0.8190894508904513
19,n02084071,100,0.75,54,0.9629629629629629,0.9629629629629629,0.9629629629629629,1.0,0.0,0.0,0.9282688901666136,0.9273018931396927,0.9288866621758562
72,n02958343,100,0.75,30,0.7666666666666667,0.7666666666666667,0.8,1.0,0.0,0.033333333333333326,0.8367474820847072,0.83445304927196,0.836639544778144
76,n03001627,100,0.75,13,0.8461538461538461,0.8461538461538461,0.8461538461538461,1.0,0.0,0.0,0.8760714387307623,0.8366149921837717,0.8386710290645046
18,n02076196,100,0.75,10,0.5,0.5,0.6,1.0,0.0,0.09999999999999998,0.7089994966887307,0.6243142250585217,0.6721556197024707
143,n04116512,100,0.75,10,0.0,0.0,0.1,0.0,0.0,0.1,0.04762617859326331,0.026322507988079547,0.099911306844567
39,n02402425,100,0.75,9,0.7777777777777778,0.7777777777777778,0.7777777777777778,1.0,0.0,0.0,0.8165187425934441,0.7445352864578934,0.7793314442615383
111,n03636649,100,0.75,8,0.375,0.375,0.5,1.0,0.0,0.125,0.577094107094767,0.5739997166689772,0.6978711978693204
29,n02274259,100,0.75,7,0.7142857142857143,0.7142857142857143,0.7142857142857143,1.0,0.0,0.0,0.7483683619341991,0.7477308930754657,0.7477375702338166
160,n04356056,100,0.75,7,0.42857142857142855,0.42857142857142855,0.5714285714285714,1.0,0.0,0.14285714285714285,0.6857628591116631,0.6857628591116631,0.7014382964944039
163,n04379243,100,0.75,7,0.8571428571428571,0.8571428571428571,0.8571428571428571,1.0,0.0,0.0,0.9161269637636061,0.9161269637636061,0.9161269637636061
15,n01982650,100,0.75,6,0.3333333333333333,0.3333333333333333,0.6666666666666666,1.0,0.0,0.3333333333333333,0.6135173504441801,0.610142417642738,0.790274307205234
192,n07745940,100,0.75,6,0.5,0.5,0.8333333333333334,1.0,0.0,0.33333333333333337,0.7490655205614525,0.7490655205614525,0.8000213816329116
7,n01674464,100,0.75,4,1.0,1.0,1.0,1.0,0.0,0.0,0.9293999731639274,0.9256605363172128,0.9293999731639274
8,n01726692,100,0.75,4,0.75,0.75,0.75,1.0,0.0,0.0,0.8526871258151201,0.8526871258151201,0.8579088621009583
17,n02062744,100,0.75,4,0.5,0.5,0.5,1.0,0.0,0.0,0.742831483685357,0.742831483685357,0.742831483685357
46,n02484322,100,0.75,4,0.75,0.75,0.75,1.0,0.0,0.0,0.8825478465480381,0.8825478465480381,0.8838122138998594
67,n02880940,100,0.75,4,0.5,0.5,0.5,1.0,0.0,0.0,0.5933671515406466,0.5862337490423469,0.5878168850165099
118,n03764736,100,0.75,4,0.25,0.25,0.25,1.0,0.0,0.0,0.6739530769591774,0.4976933853017992,0.4976933853017992
125,n03838899,100,0.75,4,0.25,0.25,0.25,1.0,0.0,0.0,0.3447758993153735,0.19801345405564885,0.19801345405564885
179,n06874185,100,0.75,4,0.5,0.5,0.5,1.0,0.0,0.0,0.6059232083794739,0.4439571372562441,0.4439571372562441
10,n01776313,100,0.75,3,0.3333333333333333,0.3333333333333333,0.3333333333333333,1.0,0.0,0.0,0.5630984068441635,0.4636933160628052,0.5047467930647781
16,n01990800,100,0.75,3,1.0,1.0,1.0,1.0,0.0,0.0,0.9464154222838118,0.9464154222838118,0.9464154222838118
37,n02395003,100,0.75,3,1.0,1.0,1.0,1.0,0.0,0.0,0.9372979271585548,0.9372979271585548,0.9372979271585548
41,n02419796,100,0.75,3,1.0,1.0,1.0,1.0,0.0,0.0,0.9324994692758866,0.9324994692758866,0.9324994692758866
68,n02883205,100,0.75,3,0.0,0.0,0.0,0.0,0.0,0.0,0.5809189816971824,0.41276414763497526,0.41276414763497526
96,n03372029,100,0.75,3,0.0,0.0,0.0,0.0,0.0,0.0,0.709164478568983,0.24918542590030549,0.24918542590030549
147,n04141076,100,0.75,3,0.3333333333333333,0.3333333333333333,0.3333333333333333,1.0,0.0,0.0,0.48120226113534526,0.4689114357688749,0.4689114357688749
50,n02672831,100,0.75,2,0.5,0.5,0.5,1.0,0.0,0.0,0.8046385742507425,0.47558856206953126,0.49264127890936626
56,n02786058,100,0.75,2,0.5,0.5,0.5,1.0,0.0,0.0,0.6207294233007837,0.6207294233007837,0.6207294233007837
60,n02807133,100,0.75,2,1.0,1.0,1.0,1.0,0.0,0.0,0.9482693166676078,0.9482693166676078,0.9482693166676078
65,n02870880,100,0.75,2,1.0,1.0,1.0,1.0,0.0,0.0,0.9633972855488651,0.9633972855488651,0.9633972855488651
69,n02892767,100,0.75,2,0.0,0.0,0.0,0.0,0.0,0.0,0.3405638173820568,0.1568381134607694,0.16458362525431358
90,n03211117,100,0.75,2,0.5,0.5,0.5,1.0,0.0,0.0,0.7431350261279037,0.7431350261279037,0.840885263171858
102,n03476991,100,0.75,2,1.0,1.0,1.0,1.0,0.0,0.0,0.9473655612437852,0.9408043539871864,0.9473655612437852
107,n03513137,100,0.75,2,1.0,1.0,1.0,1.0,0.0,0.0,0.8974496681059448,0.8974496681059448,0.9049894638698874
134,n03991062,100,0.75,2,0.0,0.0,0.5,0.0,0.0,0.5,0.5148408156226013,0.5148408156226013,0.5892157014124398
155,n04270147,100,0.75,2,0.0,0.0,0.0,0.0,0.0,0.0,0.274513814756773,0.0,0.0
167,n04468005,100,0.75,2,1.0,1.0,1.0,1.0,0.0,0.0,0.9150415316944853,0.9150415316944853,0.9150415316944853
177,n04591157,100,0.75,2,1.0,1.0,1.0,1.0,0.0,0.0,0.8151979782049446,0.8151979782049446,0.8151979782049446
2,n01443537,100,0.75,1,1.0,1.0,1.0,1.0,0.0,0.0,0.9743882613943584,0.9743882613943584,0.9743882613943584
21,n02121808,100,0.75,1,1.0,1.0,1.0,1.0,0.0,0.0,0.8715629008904011,0.8715629008904011,0.8715629008904011
30,n02317335,100,0.75,1,1.0,1.0,1.0,1.0,0.0,0.0,0.951988321134231,0.951988321134231,0.951988321134231
52,n02764044,100,0.75,1,1.0,1.0,1.0,1.0,0.0,0.0,0.8898284764124957,0.8898284764124957,0.8898284764124957
57,n02787622,100,0.75,1,0.0,0.0,0.0,0.0,0.0,0.0,0.4258935184440916,0.0,0.0
59,n02802426,100,0.75,1,1.0,1.0,1.0,1.0,0.0,0.0,0.8838805456805963,0.8838805456805963,0.8838805456805963
63,n02834778,100,0.75,1,1.0,1.0,1.0,1.0,0.0,0.0,0.9160295551453146,0.9100209562325764,0.9160295551453146
66,n02879718,100,0.75,1,0.0,0.0,0.0,0.0,0.0,0.0,0.738955049914277,0.5882989444552366,0.738955049914277
73,n02970849,100,0.75,1,1.0,1.0,1.0,1.0,0.0,0.0,0.8895178600555251,0.8895178600555251,0.9024976336242317
78,n03062245,100,0.75,1,1.0,1.0,1.0,1.0,0.0,0.0,0.9770675272130241,0.9295494537182882,0.9295494537182882
80,n03085013,100,0.75,1,1.0,1.0,1.0,1.0,0.0,0.0,0.8085317158258537,0.8085317158258537,0.835429325190052
92,n03255030,100,0.75,1,1.0,1.0,1.0,1.0,0.0,0.0,0.8666303008278178,0.8666303008278178,0.8666303008278178
114,n03710721,100,0.75,1,0.0,0.0,0.0,0.0,0.0,0.0,0.3240693789707395,0.0,0.0
119,n03770439,100,0.75,1,0.0,0.0,0.0,0.0,0.0,0.0,0.39471666867350547,0.0,0.0
121,n03793489,100,0.75,1,1.0,1.0,1.0,1.0,0.0,0.0,0.8833672309983575,0.8833672309983575,0.8833672309983575
139,n04026417,100,0.75,1,1.0,1.0,1.0,1.0,0.0,0.0,0.9096251469412098,0.9096251469412098,0.9096251469412098
140,n04039381,100,0.75,1,0.0,0.0,0.0,0.0,0.0,0.0,0.7077217520430487,0.7077217520430487,0.7077217520430487
144,n04118538,100,0.75,1,1.0,1.0,1.0,1.0,0.0,0.0,0.9745391137071484,0.9745391137071484,0.9745391137071484
154,n04256520,100,0.75,1,1.0,1.0,1.0,1.0,0.0,0.0,0.975398909758613,0.975398909758613,0.975398909758613
159,n04336792,100,0.75,1,1.0,1.0,1.0,1.0,0.0,0.0,0.9198766587272061,0.9198766587272061,0.9198766587272061
172,n04536866,100,0.75,1,0.0,0.0,0.0,0.0,0.0,0.0,0.719386144398935,0.0,0.0
176,n04557648,100,0.75,1,1.0,1.0,1.0,1.0,0.0,0.0,0.8826718879947879,0.8826718879947879,0.8826718879947879
178,n04591713,100,0.75,1,0.0,0.0,0.0,0.0,0.0,0.0,0.01019925872665648,0.0,0.0
